Gene_Name,tub_Exp_num_of_eQTLs,tub_Pr_of_no_eQTL,tub_FDR
ERAP2,1.06,1.70E-42,1.70E-42
ZSWIM7,1.03,3.28E-42,2.49E-42
REPS2,1,7.81E-40,2.62E-40
LINC02535,1.17,4.03E-37,1.01E-37
LINC02532,1.01,1.23E-36,3.27E-37
TRIM6,2.33,3.63E-36,8.77E-37
SLC44A3,2.48,1.22E-35,2.50E-36
C1QL3,1.06,1.07E-33,1.36E-34
FABP2,1.06,1.87E-33,3.28E-34
SNHG5,1.01,2.31E-33,5.26E-34
THNSL2,2.03,3.36E-33,7.84E-34
C2ORF74,1.22,3.93E-31,3.35E-32
MRPL43,1.03,5.04E-31,6.97E-32
GSTM3,1.08,7.76E-31,1.20E-31
DNAJC15,1.98,4.83E-30,4.34E-31
F8A1,1.91,3.67E-29,2.70E-30
MYOM3,1.01,6.72E-29,6.49E-30
KANSL1-AS1,1.9,7.46E-29,1.03E-29
HLA-DRB1,2.16,1.26E-28,1.64E-29
C2ORF54,1.63,3.10E-28,3.10E-29
ANXA13,2.63,4.67E-28,5.18E-29
ENOSF1,1.3,6.96E-28,8.11E-29
CR2,1,2.71E-27,1.95E-28
ARL6IP5,1.01,1.68E-26,8.88E-28
RGN,1.12,2.58E-26,1.88E-27
HIGD2A,1.05,5.57E-26,3.96E-27
FMO4,1.16,2.97E-25,1.48E-26
SYCP2,1.03,4.09E-25,2.89E-26
ACE,1.04,6.28E-25,4.96E-26
HLA-DRB5,1.87,8.00E-25,7.46E-26
TTC38,1.3,1.11E-24,1.08E-25
ABO,2.1,2.00E-24,1.67E-25
PPIL3,1.05,2.20E-24,2.29E-25
HLA-C,2.43,3.11E-24,3.13E-25
PCBD1,1.06,6.60E-24,4.93E-25
DWORF,1.04,1.27E-23,8.33E-25
C17ORF97,1.04,1.33E-23,1.17E-24
HIBCH,1.19,2.25E-23,1.73E-24
OTOGL,1.01,3.62E-23,2.62E-24
LDHC,1.2,4.54E-23,3.68E-24
GBP3,1.47,6.52E-23,5.18E-24
CCDC32,2.35,1.26E-22,8.05E-24
FLT3,1.01,2.87E-22,1.45E-23
PM20D1,1.74,3.75E-22,2.27E-23
TIMM10,1.05,3.95E-22,3.10E-23
KIAA1191,1.02,5.15E-22,4.15E-23
FLVCR1-AS1,1.02,6.70E-22,5.49E-23
PNRC2,1.01,7.61E-22,6.96E-23
MT2A,1.4,8.10E-22,8.47E-23
FRG1,2.01,1.01E-21,1.03E-22
RPL9,1.05,1.22E-21,1.25E-22
FGF5,1.01,1.34E-21,1.48E-22
HLA-A,3.17,1.46E-21,1.73E-22
MRPL21,2,1.65E-21,2.01E-22
SPATA20,1.68,2.61E-21,2.44E-22
PON2,1.01,5.14E-21,3.32E-22
SORCS1,1.46,6.11E-21,4.33E-22
CYP4F11,2.57,7.45E-21,5.54E-22
RASGRF2,1.02,1.06E-20,7.24E-22
FERMT1,1.75,2.06E-20,1.06E-21
MYLK4,1.79,2.65E-20,1.47E-21
UGT2B7,2,3.90E-20,2.08E-21
LEAP2,1.03,4.03E-20,2.68E-21
SPARCL1,1.08,5.93E-20,3.57E-21
KCNJ16,1.06,1.37E-19,5.62E-21
APOH,1.92,1.56E-19,7.89E-21
SLC6A18,3.02,2.62E-19,1.17E-20
HIST1H2AC,1.01,2.84E-19,1.57E-20
CYP4A22,1.01,3.00E-19,1.98E-20
SPATA7,1.07,3.09E-19,2.39E-20
SNHG8,1.11,3.27E-19,2.82E-20
DHRS7,1.12,3.45E-19,3.26E-20
EFCAB2,1.48,7.02E-19,4.18E-20
LRPAP1,2.12,8.38E-19,5.26E-20
TMEM220,1.02,3.24E-18,9.51E-20
KLHDC7A,2.47,3.63E-18,1.42E-19
APOC3,1.58,4.13E-18,1.93E-19
ANKDD1B,2.14,4.35E-18,2.47E-19
NAAA,2.98,5.50E-18,3.13E-19
AP1S1,1.02,7.69E-18,4.05E-19
NT5C3B,1.1,7.81E-18,4.97E-19
LINC01291,1.02,9.65E-18,6.08E-19
TUBBP5,1.22,9.85E-18,7.20E-19
PCSK1N,1.01,1.50E-17,8.89E-19
TMED6,2.01,2.23E-17,1.14E-18
TREH,1.22,3.05E-17,1.48E-18
CPNE1,1,3.14E-17,1.83E-18
SLC22A18,1.07,5.48E-17,2.43E-18
LTBR,1,6.92E-17,3.18E-18
B4GALT1,2.04,1.16E-16,4.43E-18
RSPH1,1.02,1.46E-16,5.99E-18
MAFTRR,2.05,2.01E-16,8.12E-18
IFI27L2,1.1,2.78E-16,1.10E-17
HRASLS2,1.12,2.87E-16,1.40E-17
MUC13,1,2.89E-16,1.69E-17
SCARNA5,1.07,4.14E-16,2.10E-17
FGB,1.01,5.08E-16,2.60E-17
ALDH1B1,2,8.28E-16,3.42E-17
SMAD9,1.07,8.78E-16,4.27E-17
ACADM,1.55,8.89E-16,5.12E-17
ACP6,1.01,9.17E-16,5.98E-17
CSTB,1.01,9.50E-16,6.85E-17
SLC46A3,1.04,1.43E-15,8.17E-17
SMLR1,2.07,1.51E-15,9.54E-17
LINC02274,1.26,1.63E-15,1.10E-16
RPS23,2.97,3.26E-15,1.40E-16
PRKXP1,1.77,3.39E-15,1.70E-16
ERAP1,1.36,4.11E-15,2.07E-16
SH3YL1,1.15,4.58E-15,2.47E-16
AGT,1.02,6.57E-15,3.04E-16
RPL23AP7,1.03,6.66E-15,3.61E-16
ITGB3BP,1.09,8.49E-15,4.34E-16
DPEP1,2.09,1.06E-14,5.24E-16
ZFAND2A,1.82,1.26E-14,6.30E-16
THRSP,1.66,1.33E-14,7.40E-16
FADS2,1,1.35E-14,8.50E-16
SURF1,2.14,1.92E-14,1.01E-15
TMEM8A,1.08,2.16E-14,1.18E-15
VAMP8,1.06,2.55E-14,1.39E-15
PGAP3,1.04,2.77E-14,1.61E-15
RRP15,1.02,3.09E-14,1.85E-15
PYROXD2,1.73,3.35E-14,2.11E-15
STON2,1.38,4.08E-14,2.42E-15
KYAT3,1.27,4.41E-14,2.76E-15
HHLA2,2.06,6.14E-14,3.23E-15
GSTP1,1.01,8.09E-14,3.84E-15
HLF,1.38,8.13E-14,4.45E-15
OXT,2.12,9.00E-14,5.12E-15
LINC00339,1.4,1.02E-13,5.87E-15
ACSM2B,1.03,1.15E-13,6.72E-15
PDSS1,1.39,1.39E-13,7.73E-15
TTC32,1.01,1.70E-13,8.96E-15
TAPBPL,1.09,1.85E-13,1.03E-14
LINC00958,1.12,1.86E-13,1.16E-14
LINC01806,1,2.55E-13,1.34E-14
BCHE,1.09,3.36E-13,1.58E-14
C9ORF135,1.06,3.94E-13,1.85E-14
SLC5A9,4,3.96E-13,2.13E-14
PROZ,2.8,4.68E-13,2.45E-14
STAG3L4,2,7.41E-13,2.96E-14
SFXN2,2.04,8.18E-13,3.52E-14
PTPRD-AS1,1.01,8.20E-13,4.07E-14
ST3GAL6-AS1,1.11,9.63E-13,4.72E-14
SLC13A5,1.13,9.86E-13,5.37E-14
METTL27,1.02,1.02E-12,6.04E-14
CYP51A1,1.03,1.51E-12,7.03E-14
SLC22A24,1.02,1.57E-12,8.05E-14
GAA,1.04,1.96E-12,9.31E-14
SLC28A2,2.11,2.50E-12,1.09E-13
PLA2G16,1.19,2.58E-12,1.26E-13
LINC02470,1.02,3.08E-12,1.45E-13
ACSM5,1.03,3.68E-12,1.69E-13
HEG1,1.05,4.71E-12,1.98E-13
ENPP3,1.14,5.19E-12,2.31E-13
MRPL52,1.5,5.60E-12,2.65E-13
HIST4H4,1.06,6.67E-12,3.06E-13
NDUFV3,1.22,7.04E-12,3.49E-13
PPDPF,2.1,1.11E-11,4.18E-13
GLMP,1.1,1.63E-11,5.18E-13
FLG-AS1,1.28,1.68E-11,6.19E-13
CDKL5,1,1.74E-11,7.23E-13
LINC01293,1,2.04E-11,8.44E-13
ZNF718,1.28,2.54E-11,9.95E-13
HINT1,1.99,2.57E-11,1.15E-12
UGDH,2.23,2.57E-11,1.29E-12
SNX19,2.14,2.64E-11,1.45E-12
MICA,1.83,2.99E-11,1.62E-12
CCNB1IP1,1.95,3.11E-11,1.79E-12
TULP3,1.68,3.56E-11,1.99E-12
CYP4V2,2.09,4.21E-11,2.23E-12
GGH,2.15,4.43E-11,2.47E-12
SMYD2,1.4,4.43E-11,2.72E-12
SLC7A9,1.82,4.50E-11,2.96E-12
OAS1,1.13,4.60E-11,3.21E-12
MTG2,1.01,5.10E-11,3.48E-12
PTGR2,2.03,5.21E-11,3.76E-12
LINC01504,1.01,5.34E-11,4.04E-12
ZC3H3,1,5.73E-11,4.34E-12
ADA2,1.79,6.13E-11,4.66E-12
SETD9,1.2,6.45E-11,4.99E-12
DDTL,1.01,8.75E-11,5.45E-12
DECR2,2.13,9.38E-11,5.93E-12
DHRS1,2.14,9.82E-11,6.43E-12
ST3GAL1,1.1,1.10E-10,7.00E-12
CDCP1,1.06,1.15E-10,7.58E-12
MRPS7,1.19,1.22E-10,8.19E-12
MUC15,1.01,1.33E-10,8.86E-12
CNTNAP3B,1.77,1.39E-10,9.55E-12
ARSB,1.55,1.54E-10,1.03E-11
CRYZ,2.1,1.57E-10,1.11E-11
CHMP4C,1,1.60E-10,1.19E-11
LINC01428,1.05,1.65E-10,1.27E-11
GCDH,1.01,1.69E-10,1.35E-11
GOSR2,1.02,1.82E-10,1.43E-11
CYP3A5,1.03,1.88E-10,1.52E-11
SATL1,1.1,2.00E-10,1.62E-11
LINC01517,1.1,2.08E-10,1.72E-11
PSMD5,1.03,2.38E-10,1.83E-11
CD151,1.05,2.50E-10,1.94E-11
C19ORF53,1.14,2.54E-10,2.06E-11
ESPL1,1,2.93E-10,2.20E-11
DPP4,1.02,3.04E-10,2.34E-11
BRK1,1.07,3.05E-10,2.47E-11
DOPEY2,1.06,3.65E-10,2.64E-11
ENPP5,1.14,3.70E-10,2.81E-11
OGDHL,1.01,4.85E-10,3.03E-11
IFITM2,2.07,5.43E-10,3.28E-11
APOOL,1.02,5.60E-10,3.53E-11
NOP10,1.01,7.77E-10,3.89E-11
RSU1,1.05,7.81E-10,4.24E-11
ABHD12,1.03,8.11E-10,4.60E-11
ASNSD1,1.02,8.16E-10,4.97E-11
THUMPD1,1.44,8.31E-10,5.33E-11
AOC1,2.1,8.33E-10,5.70E-11
GCFC2,1.09,8.41E-10,6.06E-11
MRPL18,1.06,8.50E-10,6.43E-11
APOD,1.06,9.18E-10,6.82E-11
ZNHIT1,1.03,9.23E-10,7.21E-11
SERPINA4,1.01,1.02E-09,7.65E-11
HEBP2,1.03,1.02E-09,8.07E-11
TCTN2,2.04,1.08E-09,8.52E-11
GDF3,1.17,1.12E-09,8.99E-11
FXYD4,1.94,1.14E-09,9.46E-11
LDHD,1.09,1.19E-09,9.95E-11
HAO2,1.2,1.34E-09,1.05E-10
YBEY,1.99,1.37E-09,1.11E-10
CD164,1.69,1.40E-09,1.16E-10
TFDP2,2.03,1.41E-09,1.22E-10
TRIM26,1.69,1.43E-09,1.28E-10
GSTO2,2,1.46E-09,1.34E-10
CYP4F2,2.03,1.52E-09,1.40E-10
TRAPPC2L,1.33,1.68E-09,1.46E-10
UNC79,1.24,1.71E-09,1.53E-10
ACOT1,2.13,1.84E-09,1.60E-10
HLA-DPB1,1,1.94E-09,1.68E-10
ATP6V1D,1.01,2.09E-09,1.76E-10
YEATS4,2.65,2.22E-09,1.84E-10
AGXT2,2.06,2.52E-09,1.94E-10
LPCAT2,1.94,2.59E-09,2.04E-10
ARSE,1.83,2.81E-09,2.15E-10
SNORD48,1.05,3.24E-09,2.28E-10
TMEM38B,1.01,3.30E-09,2.40E-10
FGD5-AS1,1.01,3.61E-09,2.54E-10
ZNF100,1.07,3.65E-09,2.68E-10
DEFB1,1.16,3.80E-09,2.83E-10
POLR2L,1.18,4.69E-09,3.00E-10
HLA-DPA1,1.14,4.95E-09,3.19E-10
IMPA2,1.05,6.21E-09,3.43E-10
GUCY1B2,1.23,6.34E-09,3.67E-10
SFMBT1,1.16,6.38E-09,3.91E-10
CKAP2,1.37,6.77E-09,4.17E-10
GOLGA8B,1.41,7.54E-09,4.45E-10
DNAJB7,1.03,8.97E-09,4.79E-10
RDH12,1.02,9.83E-09,5.15E-10
LINC00476,1.11,1.02E-08,5.53E-10
SSR4,1.05,1.07E-08,5.93E-10
POLR1D,1.62,1.42E-08,6.46E-10
KNG1,1.07,1.44E-08,6.99E-10
PLG,1.94,1.61E-08,7.59E-10
FAM220A,1.05,1.66E-08,8.19E-10
PTGR1,3.4,1.66E-08,8.80E-10
LINC00969,2.88,1.69E-08,9.41E-10
HLTF,1.01,1.71E-08,1.00E-09
BCKDHA,1.01,1.76E-08,1.07E-09
KLHL5,1.03,1.89E-08,1.13E-09
MFSD4B,1.02,2.36E-08,1.22E-09
NDUFS5,1.19,2.56E-08,1.31E-09
FMO1,1.08,2.64E-08,1.40E-09
CDKL2,1.02,2.66E-08,1.49E-09
SYCE3,1.49,3.35E-08,1.61E-09
HLA-H,1.09,3.87E-08,1.75E-09
SLFN5,1.03,4.03E-08,1.89E-09
PECR,1.09,4.19E-08,2.04E-09
UBA7,1.01,4.25E-08,2.19E-09
ARL16,1,4.26E-08,2.33E-09
SLC25A26,1.1,5.06E-08,2.51E-09
ANKRD36B,1.02,5.16E-08,2.68E-09
OR7E14P,2.14,5.32E-08,2.87E-09
LINC00483,1.01,5.55E-08,3.05E-09
ENPP4,1.11,7.04E-08,3.30E-09
OMA1,1.01,8.06E-08,3.57E-09
PYROXD1,1.02,8.50E-08,3.86E-09
PVALB,1.58,8.64E-08,4.15E-09
POMZP3,2.14,9.02E-08,4.45E-09
AGXT,1.1,9.28E-08,4.76E-09
DNAH5,1.03,9.41E-08,5.08E-09
CFAP69,1.02,9.51E-08,5.39E-09
WDR91,1,9.93E-08,5.72E-09
OR2T11,1.48,1.07E-07,6.07E-09
PEX6,1.02,1.09E-07,6.42E-09
RPL31,1.94,1.12E-07,6.78E-09
C16ORF89,1.27,1.22E-07,7.18E-09
HAVCR2,1.27,1.26E-07,7.58E-09
LINC00379,1.89,1.42E-07,8.04E-09
GAPDH,1,1.47E-07,8.51E-09
TSFM,1.01,1.51E-07,8.99E-09
C15ORF40,1.05,1.56E-07,9.49E-09
MRI1,1.01,1.64E-07,1.00E-08
GLB1L2,2.08,1.91E-07,1.06E-08
NINJ1,2.29,1.94E-07,1.12E-08
STRADB,1.01,1.97E-07,1.18E-08
FTL,1.02,2.10E-07,1.25E-08
TCEAL2,1.16,2.18E-07,1.32E-08
MXRA7,1.92,2.27E-07,1.39E-08
HLA-DQB1,1.97,2.43E-07,1.46E-08
NARS,1.05,2.44E-07,1.54E-08
CHP2,1.06,2.45E-07,1.61E-08
PHYHD1,1.49,2.79E-07,1.70E-08
CD320,1.39,2.85E-07,1.78E-08
ZNF717,1.18,3.01E-07,1.88E-08
SRD5A3,1.37,3.15E-07,1.97E-08
SLC35B4,2.01,3.33E-07,2.07E-08
POLR1E,1.03,3.35E-07,2.17E-08
HLA-DQA1,1.96,4.01E-07,2.29E-08
CRLS1,1.16,4.07E-07,2.41E-08
AK5,1.94,4.07E-07,2.54E-08
ADAL,1,4.27E-07,2.66E-08
ZNF124,2.06,4.52E-07,2.80E-08
ITM2A,1.28,4.65E-07,2.93E-08
FBXO7,1.03,4.72E-07,3.07E-08
IL17RB,1.66,4.83E-07,3.21E-08
XRRA1,1.01,5.04E-07,3.36E-08
SIRT5,1,5.26E-07,3.51E-08
MAN2B2,1.03,5.27E-07,3.66E-08
POLR2J,1.13,5.32E-07,3.82E-08
NSA2,1.01,5.35E-07,3.97E-08
CMBL,1.03,5.43E-07,4.12E-08
UBXN6,1.08,5.55E-07,4.28E-08
SLC17A5,1.07,5.70E-07,4.44E-08
NT5E,1.87,5.70E-07,4.60E-08
PSMB3,2.13,5.92E-07,4.76E-08
POP5,1.01,6.03E-07,4.93E-08
ANKRD20A4,1,6.17E-07,5.10E-08
PHYH,1.99,6.64E-07,5.28E-08
PCTP,1.2,6.77E-07,5.47E-08
TRAPPC4,1.05,7.11E-07,5.67E-08
PCAT7,1.05,7.33E-07,5.87E-08
ADIRF,1.42,7.76E-07,6.08E-08
PRELID1,1.42,7.89E-07,6.29E-08
NDUFAF8,1.01,8.52E-07,6.53E-08
PRUNE2,1.55,8.62E-07,6.76E-08
SNHG17,1.02,8.70E-07,6.99E-08
SNORD13,1.05,8.79E-07,7.23E-08
FRA10AC1,1.12,8.80E-07,7.46E-08
SLC44A3-AS1,1.03,8.87E-07,7.70E-08
CDA,1.16,9.20E-07,7.94E-08
UBA6-AS1,1.05,9.59E-07,8.20E-08
MPC2,1.98,9.67E-07,8.45E-08
STYXL1,2.04,0.00000102,8.72E-08
SVBP,1.18,0.00000103,8.99E-08
TDP2,1.09,0.00000106,9.27E-08
FTCDNL1,1.46,0.00000109,9.55E-08
KREMEN1,1.11,0.00000113,9.84E-08
TPPP,1.24,0.00000115,1.01E-07
NEAT1,1.04,0.00000122,1.05E-07
NUDT14,1.14,0.00000124,1.08E-07
PHGDH,1.02,0.00000128,1.11E-07
GRIA4,1.05,0.00000132,1.14E-07
COX6C,1.01,0.00000133,1.18E-07
TMEM177,1.01,0.00000133,1.21E-07
C7ORF49,1.04,0.00000145,1.25E-07
PROC,1.16,0.00000148,1.29E-07
XRCC1,1.01,0.00000149,1.32E-07
SNORD100,1.27,0.00000152,1.36E-07
BST1,1.01,0.00000155,1.40E-07
ADGRE5,1.41,0.00000155,1.44E-07
MRPL46,1.04,0.00000159,1.48E-07
SCRN2,1.19,0.00000166,1.52E-07
PSMD5-AS1,1.04,0.00000179,1.56E-07
DNALI1,1.03,0.00000193,1.61E-07
ZNF429,1,0.00000207,1.66E-07
LGALS8,1.23,0.00000221,1.72E-07
DNLZ,1.03,0.00000224,1.77E-07
HLA-DQA2,1.24,0.00000241,1.83E-07
ELP3,1.12,0.00000247,1.89E-07
ACSM2A,2.08,0.00000248,1.95E-07
GUF1,1.01,0.00000259,2.02E-07
IFT46,1.04,0.00000266,2.08E-07
EBPL,1.05,0.0000027,2.15E-07
VWA8,1.05,0.00000283,2.22E-07
MRS2,1.61,0.00000286,2.29E-07
COX7A2L,1.01,0.00000289,2.36E-07
DNAH11,1.09,0.00000304,2.43E-07
KIAA1456,1.23,0.00000307,2.50E-07
UGT2A3,1.01,0.00000324,2.58E-07
ANAPC13,1.02,0.00000328,2.66E-07
SLC2A2,1.01,0.00000333,2.74E-07
ECHDC3,1.64,0.00000334,2.82E-07
LINC02275,1.71,0.00000344,2.90E-07
AAMDC,1.53,0.00000353,2.98E-07
ATF6B,1,0.00000355,3.06E-07
VPS13A,1.06,0.00000382,3.15E-07
HSD17B13,1.1,0.0000042,3.25E-07
GPR108,1.03,0.0000043,3.35E-07
NEK3,1.01,0.00000431,3.45E-07
HPR,1.02,0.00000435,3.56E-07
GPR155,1.03,0.00000455,3.66E-07
EEF1AKMT3,1,0.00000465,3.77E-07
SLC22A12,1.05,0.00000492,3.88E-07
PTER,2.7,0.00000517,4.00E-07
BICC1,1.01,0.00000546,4.13E-07
LINC01255,1.2,0.0000057,4.26E-07
CNN2,1.99,0.00000636,4.41E-07
PLA2G4C,1.81,0.00000643,4.56E-07
PCP4,1.01,0.0000068,4.71E-07
LINC01781,1.27,0.00000682,4.87E-07
PON1,1.25,0.00000686,5.03E-07
C19ORF24,1,0.00000699,5.18E-07
HCG4,1.06,0.00000705,5.34E-07
NUDT2,1.12,0.00000718,5.51E-07
LINC01697,1.08,0.00000725,5.67E-07
ZC3HAV1,1.15,0.00000734,5.83E-07
TMEM120A,1.11,0.0000078,6.01E-07
ACOX2,1.09,0.00000804,6.19E-07
IQCB1,1.03,0.0000081,6.37E-07
MDH2,1.02,0.0000082,6.55E-07
SLC38A11,1,0.00000829,6.73E-07
MPI,1.01,0.00000833,6.92E-07
FUCA2,1.8,0.00000851,7.10E-07
SLC16A9,1.61,0.00000856,7.29E-07
FBLN5,1.52,0.00000862,7.48E-07
HEIH,1.01,0.00000887,7.67E-07
KHK,1,0.00000888,7.86E-07
MT1L,1.78,0.00000892,8.05E-07
APOA1,1.03,0.000009,8.25E-07
MS4A8,1.02,0.00000919,8.44E-07
LINC00955,1.58,0.00000922,8.64E-07
NEK4,1,0.00000961,8.84E-07
NUP88,1.87,0.00000984,9.05E-07
MGMT,1.36,0.0000101,9.27E-07
SLC9A4,1.08,0.0000102,9.48E-07
RPS5,1.01,0.0000107,9.71E-07
CEP63,1,0.000011,9.94E-07
TSTD1,1.01,0.0000113,0.00000102
MAL2,1.06,0.0000119,0.00000104
ACAT1,1.05,0.0000121,0.00000107
NMRAL1,1.14,0.0000128,0.00000109
SLC44A5,1.01,0.0000136,0.00000112
TJP2,1.24,0.0000137,0.00000115
GNG11,1.04,0.0000138,0.00000118
ZBED5-AS1,1.53,0.0000147,0.00000121
MTPAP,1.01,0.0000151,0.00000124
MTHFD1,1.01,0.0000154,0.00000127
ATP6V0E2,1.49,0.0000162,0.00000131
PIH1D1,1.37,0.0000164,0.00000134
FBXO21,1.03,0.0000168,0.00000138
C4ORF33,1.01,0.0000171,0.00000141
ZFP57,1.09,0.000018,0.00000145
PMM2,1.1,0.000019,0.00000149
MYRFL,1,0.0000205,0.00000153
TMEM150C,1.13,0.0000215,0.00000157
MRO,1.05,0.0000226,0.00000162
TTC29,1.03,0.0000227,0.00000167
ACCS,1.02,0.0000232,0.00000172
PRKCA,1.02,0.0000236,0.00000176
IP6K3,1.02,0.0000246,0.00000181
GPC5,1.05,0.0000247,0.00000186
CARD8-AS1,1.72,0.0000268,0.00000192
PTK2B,1.18,0.0000269,0.00000197
ASRGL1,1.78,0.0000272,0.00000203
COX7A1,1.69,0.0000276,0.00000208
C9ORF78,1.03,0.0000278,0.00000214
ZNF468,1.39,0.0000285,0.0000022
CDC26,1.15,0.0000288,0.00000225
GLIPR1L2,1,0.000029,0.00000231
PCOTH,1.03,0.0000292,0.00000237
XPNPEP2,1.28,0.0000294,0.00000243
ARSA,1.04,0.0000302,0.00000249
MRPL34,1.09,0.000031,0.00000255
PTN,1.03,0.0000316,0.00000261
CHPT1,1.88,0.0000318,0.00000267
EXOSC6,1.1,0.0000326,0.00000273
AGMAT,1.39,0.0000332,0.0000028
SNORA28,1.01,0.0000341,0.00000286
UBD,1.07,0.0000342,0.00000293
SMIM24,1.11,0.0000344,0.000003
RPA2,1.01,0.0000359,0.00000306
DNAJB9,1.05,0.000038,0.00000314
TAF1B,1.1,0.0000386,0.00000321
NUP43,1.37,0.0000389,0.00000329
OVCH2,1.05,0.0000392,0.00000336
PRMT6,1.82,0.0000394,0.00000344
ENDOG,1.47,0.0000425,0.00000352
PSCA,1.19,0.0000459,0.0000036
MINCR,1.68,0.0000459,0.00000369
FN3KRP,1.17,0.0000463,0.00000378
IGFLR1,1.06,0.0000482,0.00000387
SDC4,1.41,0.0000497,0.00000396
ACTG1,1.04,0.0000497,0.00000406
IQCA1,1.05,0.0000497,0.00000415
RHBG,1.05,0.0000533,0.00000425
CMAHP,1.2,0.0000538,0.00000435
MIF-AS1,1.01,0.0000543,0.00000445
KCNAB1-AS2,1,0.000055,0.00000456
HAO2-IT1,1.98,0.0000554,0.00000466
HSD17B11,1.73,0.0000571,0.00000476
ATP1B1,1.5,0.0000577,0.00000487
ADAM9,1.02,0.0000577,0.00000498
MTRR,1.01,0.0000581,0.00000508
SCAMP5,1.06,0.0000614,0.0000052
SLC25A5,1.01,0.0000647,0.00000531
MMP24-AS1,1,0.000065,0.00000543
LIME1,1.01,0.0000654,0.00000555
TCP11L1,1.12,0.0000657,0.00000567
DTD1,1.16,0.0000661,0.00000579
POLR2I,1.02,0.0000721,0.00000592
NANS,1.01,0.0000745,0.00000606
WRB,1.03,0.0000763,0.0000062
DENND2D,1.24,0.0000767,0.00000633
RETSAT,1.15,0.0000775,0.00000647
ISPD,1.07,0.0000776,0.00000661
PLEKHA1,1.01,0.0000786,0.00000675
ACTB,1.12,0.0000832,0.0000069
GAL,1.16,0.0000835,0.00000705
HLA-B,2.35,0.0000836,0.0000072
MPHOSPH6,1.06,0.0000848,0.00000735
ELP5,1.02,0.0000848,0.0000075
ATF4,1.01,0.0000855,0.00000765
HIST1H1D,1.01,0.0000879,0.00000781
CAT,1.06,0.0000907,0.00000797
TOMM5,1.16,0.000097,0.00000814
OR2T10,1.02,0.0000985,0.00000831
C21ORF62,1.02,0.0000991,0.00000848
DPM2,1.07,0.000101,0.00000866
ACER3,1.01,0.000104,0.00000884
ITGA1,1.02,0.000109,0.00000903
SLC6A13,1.02,0.00011,0.00000922
PKHD1,1,0.00011,0.00000941
PLXNC1,1.01,0.000111,0.00000961
PAPSS1,1.01,0.000116,0.00000981
DNAH10,1.49,0.000117,0.00001
TMEM246-AS1,1.02,0.000121,0.0000102
EIF2AK4,1.16,0.000121,0.0000104
WDR18,1.16,0.000122,0.0000106
TMEM50B,1,0.000125,0.0000108
LINC01003,1.66,0.000127,0.0000111
DDR1,1.29,0.000131,0.0000113
SAMM50,1.01,0.000132,0.0000115
NDUFV2,1.01,0.000132,0.0000117
NAPRT,1.26,0.000133,0.000012
METTL18,1.03,0.000137,0.0000122
TRABD2B,1.14,0.000144,0.0000124
TSGA10,1.02,0.000147,0.0000127
SUCLA2,1.06,0.000147,0.0000129
CYP1B1,1.14,0.000148,0.0000132
CCT8,1.26,0.000149,0.0000134
KIAA1143,1.01,0.00015,0.0000137
FMO5,1.05,0.000155,0.0000139
PXMP2,1.02,0.000156,0.0000142
TC2N,1.01,0.000156,0.0000145
MLH3,1.01,0.000162,0.0000147
ACSS3,1.53,0.000162,0.000015
UCHL1,1.03,0.000162,0.0000152
CIB2,1.5,0.000162,0.0000155
ZNF204P,1.66,0.000167,0.0000158
RARRES2,1.34,0.000167,0.0000161
CAMLG,1,0.000172,0.0000163
NDUFS4,1.2,0.000174,0.0000166
IL32,1.67,0.000182,0.0000169
ABAT,1.03,0.000184,0.0000172
RPS9,1.15,0.000184,0.0000175
CNNM3,1.01,0.000188,0.0000178
ARMCX4,1.94,0.000189,0.0000181
SAMD9L,1,0.000193,0.0000184
TMEM9B-AS1,1.22,0.000199,0.0000188
FPGT,1.05,0.000204,0.0000191
GATC,1.68,0.000205,0.0000194
KCNJ13,1.02,0.000216,0.0000198
RPS15A,1.08,0.000216,0.0000201
TSPAN33,1.01,0.000221,0.0000204
ECD,1.02,0.000224,0.0000208
CHID1,1,0.000233,0.0000212
MTCH2,1.01,0.000246,0.0000216
TRIM52-AS1,1.06,0.000247,0.000022
CDK14,1.01,0.00025,0.0000224
MYOF,1.03,0.000255,0.0000228
TET2,1.05,0.000256,0.0000232
C11ORF54,1.27,0.000262,0.0000236
RNF5,1.01,0.000263,0.000024
RBL2,1.01,0.000268,0.0000244
CENPX,1.08,0.000269,0.0000248
TMLHE,1.01,0.000273,0.0000253
CIRBP,1.06,0.000277,0.0000257
OLA1,1.01,0.000279,0.0000261
OR5P2,1.02,0.000281,0.0000266
VRK3,1.64,0.000289,0.000027
LYG1,1,0.000302,0.0000275
CYP39A1,1.1,0.000302,0.0000279
TINAGL1,1.19,0.000309,0.0000284
PFKL,1.72,0.000313,0.0000289
LINC01606,1.03,0.000317,0.0000294
ERV3-1,1.05,0.000318,0.0000299
LAP3,1.02,0.000328,0.0000304
NUDT9,1.5,0.000334,0.0000309
ACSM3,1.09,0.000341,0.0000314
DHCR7,1,0.000342,0.0000319
COLEC11,1.25,0.000347,0.0000325
PDHB,1.13,0.000348,0.000033
URB1-AS1,1.03,0.000351,0.0000335
UFSP2,1.01,0.000351,0.000034
EIF4E2,1.03,0.000352,0.0000346
CTSH,1.86,0.000364,0.0000351
TIMM13,1.19,0.000369,0.0000357
PERP,1.22,0.00037,0.0000362
UQCR10,1.08,0.000385,0.0000368
GRTP1,1.01,0.000385,0.0000374
UGT8,1.03,0.000389,0.000038
RASSF4,1.07,0.000389,0.0000385
ACTR8,1.07,0.000389,0.0000391
EPPK1,1.01,0.000394,0.0000397
MISP,1.02,0.000405,0.0000403
IFT88,1.18,0.00041,0.0000409
NLN,1.07,0.000417,0.0000415
TTC26,1.06,0.000438,0.0000422
C4ORF19,1.06,0.000451,0.0000428
SEMA5A,1.03,0.000458,0.0000435
TMPRSS11BNL,1.02,0.000459,0.0000442
WDYHV1,1.05,0.000463,0.0000448
TMEM184A,1.79,0.000468,0.0000455
ATP8A1,1.27,0.000468,0.0000462
ZNF215,1.01,0.000492,0.0000469
ITPA,1.02,0.000498,0.0000477
COQ7,1.01,0.000504,0.0000484
CWH43,1.05,0.000527,0.0000492
COPG2,1.02,0.000539,0.0000499
ABCC13,1.02,0.000542,0.0000507
HDDC2,1.03,0.000559,0.0000515
ZNF830,1.02,0.000571,0.0000524
CCDC144B,1.01,0.000596,0.0000532
SMPDL3B,1.49,0.000596,0.0000541
GUCY2GP,1.02,0.000596,0.0000549
CXCL14,1.03,0.000605,0.0000558
RAET1E-AS1,1.05,0.000616,0.0000567
DNAJC18,1,0.000626,0.0000576
TUBA1B,1.02,0.00064,0.0000585
KANSL1,1.02,0.000653,0.0000594
LCLAT1,1.03,0.000654,0.0000604
TYW1B,1.03,0.000692,0.0000614
PTPRD,1.04,0.000692,0.0000624
DYNC1I2,1,0.000717,0.0000634
CHRM3-AS1,1.06,0.000722,0.0000644
OSGIN2,1.06,0.000752,0.0000655
SNRNP25,1,0.000755,0.0000666
IKBIP,1.02,0.000759,0.0000676
NQO2,1.55,0.000776,0.0000687
ZADH2,1.18,0.000784,0.0000698
ZNF711,1.01,0.000799,0.000071
LIN7A,1.13,0.000832,0.0000721
MPV17L,1.86,0.000847,0.0000733
SLC35E2,1.2,0.00087,0.0000746
KNSTRN,1.06,0.000878,0.0000758
NME2,1.01,0.000879,0.000077
PSORS1C3,1.11,0.000889,0.0000783
NMRAL2P,1.01,0.000907,0.0000795
FANCA,1.22,0.000913,0.0000808
MBTPS1,1.15,0.000929,0.0000821
IGHJ6,1.17,0.00096,0.0000834
LYZ,1.02,0.00101,0.0000848
SMIM8,1.11,0.00101,0.0000862
TMC1,1.01,0.00102,0.0000876
TTC12,1.26,0.00103,0.0000891
CAPG,1.02,0.00103,0.0000905
ECH1,1.01,0.00104,0.0000919
HIF1A-AS2,1.39,0.00105,0.0000934
TPP1,1.05,0.00106,0.0000948
LRPPRC,1.07,0.00108,0.0000963
FAM177A1,1.08,0.0011,0.0000978
KATNAL1,1.04,0.00111,0.0000993
SENP7,1.01,0.00111,0.000101
UQCRFS1,1.16,0.00112,0.000102
CASP7,1.5,0.00112,0.000104
CPXM1,1.34,0.00115,0.000105
ZFYVE16,1.03,0.00115,0.000107
LINC01060,1.98,0.00116,0.000109
TUBG2,1,0.00117,0.00011
MAPT,1.05,0.00117,0.000112
ADHFE1,1.03,0.00119,0.000113
RMND5A,1.08,0.00119,0.000115
APRT,1.04,0.00121,0.000116
CHL1,1.02,0.00123,0.000118
MMP7,1.11,0.00124,0.00012
ADAM28,1.33,0.00125,0.000121
CLSTN2,1.53,0.00128,0.000123
GSR,1,0.0013,0.000125
CTXN3,1.01,0.00131,0.000127
SLC15A2,1,0.00132,0.000128
LRRK2,1.43,0.00133,0.00013
ISOC2,1.22,0.00134,0.000132
FMO2,2.79,0.00135,0.000134
AOX1,1.83,0.00136,0.000135
TMEM26,1.02,0.00137,0.000137
DHDH,1.84,0.00137,0.000139
ANK2,1.01,0.00139,0.000141
MUC20,2.22,0.00142,0.000143
PDCD6,1.01,0.00144,0.000144
RBM26-AS1,1.18,0.00144,0.000146
CYP2B6,1.69,0.00145,0.000148
CTD-3080P12.3,1.02,0.00146,0.00015
PRPF4,1.02,0.00146,0.000152
SNX30,1.04,0.00153,0.000154
NCOA1,1.02,0.00163,0.000156
CETP,1.02,0.00164,0.000158
FYTTD1,1.24,0.00164,0.00016
MYMX,1.06,0.00164,0.000162
ETHE1,1,0.00165,0.000164
VPS11,1.24,0.0017,0.000167
RASD1,1.01,0.0017,0.000169
KATNAL2,1.15,0.00172,0.000171
NOP16,1.02,0.00172,0.000173
CALML3,1.86,0.00174,0.000175
FCGRT,1.16,0.00175,0.000178
MANBA,1.02,0.00175,0.00018
KIF6,1.4,0.00176,0.000182
VPS36,1.04,0.00177,0.000184
RRP7A,1.02,0.00178,0.000186
SCN9A,1.01,0.00179,0.000189
SMPD1,1.01,0.00182,0.000191
GSTA2,1.09,0.00183,0.000193
TDRD9,1.14,0.00183,0.000196
UGT3A1,1.02,0.00184,0.000198
SLC38A3,1.01,0.00185,0.0002
EPHX2,1.64,0.00187,0.000202
LINC01564,1.02,0.00188,0.000205
IL17RD,1.03,0.00191,0.000207
NDUFB1,1.59,0.00191,0.000209
ZNF556,1.18,0.00191,0.000212
SMIM4,1.04,0.00194,0.000214
SFXN1,1.01,0.00194,0.000217
CNN3,1.03,0.00196,0.000219
SPPL2A,1.14,0.00199,0.000221
MSH3,1,0.00201,0.000224
EFHB,1.04,0.00203,0.000226
B3GNT3,1.03,0.00206,0.000229
SMIM26,1.03,0.00211,0.000231
CKS2,1.02,0.00217,0.000234
RBMX2,1.04,0.00218,0.000237
ACBD5,1,0.00219,0.000239
BORCS7,1.03,0.00225,0.000242
TTC3,1.02,0.00228,0.000245
CTSC,1.88,0.00231,0.000248
TIGD2,1.1,0.00234,0.00025
NTN4,1.53,0.00234,0.000253
SLC22A18AS,1.03,0.00236,0.000256
CENPU,1.02,0.00237,0.000259
EMC9,1.02,0.00237,0.000262
VSIG2,1.02,0.00238,0.000265
DPH3P1,1.04,0.00239,0.000267
C2ORF40,2.11,0.0024,0.00027
THAP7-AS1,1.33,0.0024,0.000273
POLE4,1.76,0.00242,0.000276
RPL36AL,1.09,0.00249,0.000279
TMEM176B,1.18,0.00257,0.000282
PIP5K1B,1.05,0.00272,0.000285
NDUFAF1,1.01,0.00276,0.000288
SNHG9,1.04,0.00283,0.000292
SERPINA6,1.02,0.00284,0.000295
APBB1IP,1.01,0.00288,0.000299
WDSUB1,1.21,0.00294,0.000302
TAPBP,1.27,0.003,0.000306
SMPD2,1.25,0.003,0.000309
CRTAC1,1,0.0031,0.000313
MASTL,1.05,0.0031,0.000316
CYP8B1,1.83,0.00314,0.00032
NOVA1,1.01,0.00323,0.000324
NFRKB,1.19,0.00323,0.000328
CCDC163,1.01,0.00326,0.000332
REG1A,1.03,0.00329,0.000335
LACC1,1.39,0.00329,0.000339
PYGB,1.37,0.00331,0.000343
EPHA7,1.01,0.00331,0.000347
TOM1L1,1.34,0.00343,0.000351
ETAA1,1,0.00345,0.000355
SLC25A39,1.22,0.00346,0.000359
TBC1D3P1-DHX40P1,1.03,0.00347,0.000363
DSC2,1.07,0.00348,0.000367
CLEC18A,1.02,0.0035,0.000371
EFCAB13,1.88,0.00351,0.000375
STK38,1,0.00352,0.000379
GALNS,1.44,0.00359,0.000383
RNASEH1-AS1,1.02,0.0036,0.000387
DAB2,1.01,0.0036,0.000392
RWDD2B,1.07,0.00368,0.000396
DCAF12,1.3,0.00376,0.0004
NBPF15,1,0.00376,0.000404
HERC2,1,0.00378,0.000409
PDPR,1.03,0.0038,0.000413
PSMD13,1.05,0.00383,0.000417
PARK7,1.74,0.00383,0.000422
EPHX1,1.3,0.00384,0.000426
KREMEN2,1.01,0.00385,0.00043
SMAD1,1.09,0.00389,0.000435
TAC1,1.11,0.00397,0.000439
NCR3LG1,1.39,0.00398,0.000444
KLF12,1,0.00399,0.000448
PLAU,1.01,0.00399,0.000453
ATP23,1.05,0.00407,0.000457
LARS,1.01,0.00414,0.000462
EBP,1.12,0.00414,0.000466
CYBA,2.85,0.00415,0.000471
FBXO27,1.05,0.00419,0.000476
CSE1L,1.01,0.00422,0.00048
HAX1,1.02,0.00432,0.000485
HSD17B4,1.03,0.00433,0.00049
ALDH2,1.16,0.00436,0.000495
ZNRD1,1.03,0.00436,0.000499
SCD5,1.01,0.00443,0.000504
ITGAD,1.01,0.00449,0.000509
ALPK2,1.68,0.00453,0.000514
CLCNKB,1.13,0.00455,0.000519
LDOC1,1.3,0.00462,0.000524
SPRTN,1,0.00462,0.000529
CLDN7,1.13,0.00464,0.000534
SNORD35A,1.08,0.00479,0.00054
HAVCR1,1.29,0.0048,0.000545
CTSD,1,0.00481,0.00055
GGACT,1.01,0.00488,0.000555
PEMT,1.14,0.00489,0.000561
IL17RC,1.01,0.00495,0.000566
TXK,1.02,0.00506,0.000572
LY6H,1,0.00512,0.000577
STARD10,1.01,0.00515,0.000583
ZNF440,1.01,0.00523,0.000588
TFB1M,1.06,0.00524,0.000594
RSG1,0.999,0.00535,0.0006
PTPRE,1.04,0.00539,0.000606
EIF4B,1.08,0.00547,0.000611
ZMYND12,1.43,0.00548,0.000617
WASHC4,1.14,0.00554,0.000623
DIRAS3,1.02,0.00558,0.000629
CCDC14,1.03,0.0056,0.000635
HNRNPA3,1.06,0.00571,0.000641
DLL1,1,0.00572,0.000647
BARD1,1.01,0.00585,0.000654
LIFR,1.37,0.00609,0.00066
FN3K,1.01,0.00609,0.000667
TYMSOS,1.14,0.0061,0.000673
SEC23B,0.997,0.00612,0.00068
DRICH1,1.33,0.00616,0.000686
SLC2A4RG,1.01,0.00622,0.000693
DDRGK1,1.03,0.00625,0.0007
C21ORF2,1.36,0.0063,0.000706
FBP2,1.02,0.00638,0.000713
CAV2,1.01,0.00642,0.00072
MDH1B,1,0.00644,0.000726
C1ORF174,1.02,0.00645,0.000733
OCEL1,1.02,0.00651,0.00074
C1GALT1,1.14,0.00655,0.000747
REP15,1.07,0.0066,0.000754
PHACTR4,1,0.00667,0.000761
MRLN,1.47,0.00689,0.000768
CETN4P,1.02,0.00698,0.000775
FXYD5,1.31,0.00714,0.000783
OSGIN1,1.09,0.00721,0.00079
IFT74,1.07,0.00725,0.000798
TMBIM4,1.03,0.00747,0.000806
DDX17,0.995,0.00749,0.000814
FTX,0.997,0.00754,0.000821
ATAD5,1.03,0.00757,0.000829
MTMR6,1.01,0.00759,0.000837
PET100,1.02,0.0076,0.000845
NPTX2,1,0.00771,0.000853
ASAH1,1.54,0.00785,0.000861
FAM229B,1.01,0.00785,0.000869
TRMT61B,0.997,0.00789,0.000877
PPP2R3C,1.01,0.00789,0.000885
RAB30-AS1,1.72,0.00792,0.000893
TMEM130,1.02,0.00795,0.000902
LAMP2,0.997,0.00798,0.00091
FDFT1,1.62,0.00804,0.000918
FAM102A,1.01,0.00814,0.000926
MRPL54,1.02,0.00821,0.000935
NDUFA6,1.61,0.00824,0.000943
LGALS3,1.06,0.00828,0.000951
CCHCR1,1.22,0.00829,0.00096
CLDN23,1,0.00835,0.000968
SLC28A1,1.84,0.00838,0.000977
CCDC65,0.996,0.0084,0.000985
FER1L6,1.15,0.00853,0.000994
SLC35F2,1.45,0.00866,0.001
B4GALT5,1,0.00873,0.00101
MEIOB,1.11,0.00876,0.00102
CCDC7,1.55,0.00886,0.00103
TNFRSF11B,1.09,0.0089,0.00104
NMT2,1.09,0.00897,0.00105
CBR4,1.05,0.00903,0.00106
NELFCD,1.01,0.00904,0.00106
SSTR1,1.01,0.00928,0.00107
METTL7B,1.01,0.00934,0.00108
TXNDC17,1.93,0.00941,0.00109
RNF186,1,0.00952,0.0011
CFH,1.12,0.00957,0.00111
DNAH6,1.07,0.00958,0.00112
INE2,1.12,0.00959,0.00113
SPCS3,1.03,0.00959,0.00114
AMFR,0.999,0.00959,0.00115
ZNF826P,1.89,0.00961,0.00116
FAAH,1.05,0.00983,0.00117
RNASEH2C,1.07,0.0102,0.00118
SEMA3E,1.03,0.0103,0.00119
REV1,0.999,0.0103,0.0012
MRPL58,1,0.0105,0.00121
GM2A,1.07,0.0106,0.00122
FAM166B,0.998,0.0106,0.00123
LINC02294,1.35,0.0106,0.00124
MERTK,1.01,0.0107,0.00125
UGT2B4,1.04,0.0107,0.00126
SPEF2,1.04,0.0107,0.00127
GAS2,0.996,0.0107,0.00128
MRPL2,1.04,0.0107,0.00129
CDKL1,1.06,0.0107,0.0013
NIPSNAP3A,1.01,0.0111,0.00131
LPA,1.16,0.0113,0.00132
TUBB,0.999,0.0113,0.00134
B3GNTL1,1,0.0115,0.00135
NUP50,1.07,0.0116,0.00136
ADRA2C,1.34,0.0116,0.00137
TM2D2,1.14,0.0117,0.00138
TIMMDC1,1.02,0.0117,0.00139
CCDC50,1.03,0.0117,0.0014
ANXA6,1.11,0.0118,0.00141
BEX4,1.14,0.0118,0.00143
MRPL30,1.03,0.012,0.00144
METTL6,0.999,0.012,0.00145
DOCK8,1.21,0.0121,0.00146
SS18L2,0.992,0.0121,0.00147
CRYBB2P1,0.995,0.0122,0.00148
CYP4F3,1.18,0.0123,0.00149
ETNPPL,1,0.0123,0.00151
APOBEC3G,0.998,0.0123,0.00152
C8ORF59,0.989,0.0125,0.00153
GPS2,0.998,0.0125,0.00154
DAD1,1.23,0.0126,0.00155
NECAP2,1,0.0128,0.00157
DST,1.01,0.013,0.00158
AGTRAP,1.01,0.013,0.00159
LINC01216,1.02,0.0131,0.0016
KRT10,1.04,0.0131,0.00161
MUC1,0.993,0.0134,0.00163
TIAM1,1.01,0.0134,0.00164
MFSD4A,1.06,0.0135,0.00165
STAP2,1.01,0.0135,0.00166
BTD,1,0.0136,0.00168
GPNMB,1.15,0.0136,0.00169
CYSTM1,0.996,0.0137,0.0017
TPT1,1.11,0.0139,0.00172
CD37,0.994,0.014,0.00173
MUT,1.03,0.0141,0.00174
RIT1,1.01,0.0142,0.00175
PPT1,1,0.0142,0.00177
EIF2B2,0.987,0.0142,0.00178
ARPC5,1.28,0.0143,0.00179
CNGA1,0.993,0.0145,0.00181
SLC30A4,0.993,0.0145,0.00182
MMAA,0.988,0.0147,0.00183
LCE1C,1.04,0.0148,0.00185
WIPI1,0.993,0.0151,0.00186
ARPC5L,1.48,0.0154,0.00188
GON7,1.03,0.0155,0.00189
TTF2,1.04,0.0155,0.0019
SDC1,0.998,0.0155,0.00192
CLDN8,1.05,0.0157,0.00193
EEF1AKMT2,1.2,0.0157,0.00195
HOXB8,1.19,0.0159,0.00196
HAAO,1.39,0.016,0.00198
IMP4,1.02,0.0161,0.00199
TAF13,0.997,0.0163,0.00201
LINC00888,1.06,0.0167,0.00202
ZNF232,0.992,0.0167,0.00204
TMEM80,1.06,0.0167,0.00205
CTNS,1.04,0.017,0.00207
AKR7A3,1.33,0.017,0.00208
PITPNA-AS1,0.987,0.017,0.0021
CLHC1,0.992,0.0173,0.00211
CTBS,1.66,0.0175,0.00213
TRAPPC11,1.52,0.0177,0.00214
MAPK9,0.994,0.0178,0.00216
EIF4A3,0.989,0.0178,0.00218
BAIAP2L2,1.03,0.0178,0.00219
MAT2B,1.03,0.018,0.00221
PDCD2L,0.987,0.018,0.00222
MIR606,1.24,0.0181,0.00224
KRT23,1.5,0.0181,0.00226
APIP,0.999,0.0182,0.00227
C3ORF33,0.987,0.0186,0.00229
LRRTM1,0.992,0.0188,0.00231
ATP6V1E1,1.05,0.0189,0.00232
N6AMT1,1.07,0.0191,0.00234
IFITM3,1,0.0191,0.00236
EFEMP1,0.991,0.0192,0.00237
Mar-02,1.08,0.0194,0.00239
LINC01924,0.996,0.0195,0.00241
CASC9,1.07,0.02,0.00243
EML4,1.01,0.0201,0.00244
ZNF320,1.02,0.0203,0.00246
SNX16,1.03,0.0206,0.00248
AMBP,0.996,0.021,0.0025
AMIGO1,0.994,0.0211,0.00252
SAXO2,1.02,0.0213,0.00254
ACBD6,0.994,0.0214,0.00256
SLC9A8,1.42,0.0214,0.00257
CTSL,1.26,0.0216,0.00259
CTNNAL1,1.18,0.0216,0.00261
DUS3L,1.09,0.0217,0.00263
APOM,0.992,0.0218,0.00265
WDR1,1.02,0.0221,0.00267
PLOD1,0.984,0.0221,0.00269
CBR1,1.75,0.0222,0.00271
WISP3,0.995,0.0225,0.00273
PRAP1,0.989,0.0226,0.00275
NUCKS1,0.98,0.0226,0.00277
TRAV4,0.99,0.0227,0.00279
WDR72,1.1,0.0228,0.00281
QPRT,0.984,0.0229,0.00283
PRR15,1.29,0.0229,0.00285
ZNF260,1.02,0.0231,0.00287
SPTLC3,1.1,0.0233,0.00289
AGPAT3,1,0.0234,0.00291
EPN3,1.02,0.0235,0.00293
ADH1C,1.21,0.0236,0.00295
SEMA4D,1.01,0.0236,0.00297
ASPG,1.02,0.0238,0.00299
PQLC3,1.12,0.0242,0.00301
ALKAL2,0.98,0.0244,0.00303
THBS1,1.37,0.0246,0.00305
MICU2,1.02,0.0247,0.00307
QDPR,0.989,0.0248,0.00309
POU6F2-AS1,0.983,0.0248,0.00311
COPG1,1.64,0.0249,0.00314
SSFA2,0.983,0.025,0.00316
CAST,0.978,0.0252,0.00318
SLF2,1.03,0.0253,0.0032
SMIM22,1.14,0.0256,0.00322
ALDH6A1,1,0.0257,0.00324
RIMBP2,0.98,0.0259,0.00326
TMSB10,0.98,0.026,0.00329
MGAM,1.84,0.0261,0.00331
FAM3B,0.991,0.0261,0.00333
CDPF1,0.989,0.0261,0.00335
NADK2,0.999,0.0262,0.00337
FAM86JP,1.01,0.0262,0.0034
CDK5RAP3,0.984,0.0265,0.00342
PLCXD3,1.12,0.027,0.00344
MPST,1.02,0.0272,0.00346
UHRF1BP1,0.988,0.0275,0.00349
ANXA5,1.09,0.0276,0.00351
SNORD116-18,1.02,0.0277,0.00353
ERO1B,0.976,0.0278,0.00356
ANKRD37,1.19,0.0281,0.00358
TRAV35,0.976,0.0282,0.0036
TTPA,1.04,0.0282,0.00363
FCAMR,1,0.0283,0.00365
PPP1R21,1.04,0.0285,0.00367
BPI,0.985,0.0285,0.0037
PDLIM4,0.988,0.0288,0.00372
ZCRB1,0.983,0.0291,0.00375
GUSBP1,0.988,0.0291,0.00377
KIF1BP,0.988,0.0291,0.00379
PLPP2,0.975,0.0293,0.00382
ATP5G3,1.21,0.0293,0.00384
CHST11,1.18,0.0294,0.00387
LY6L,0.989,0.0294,0.00389
TYMS,1.14,0.0294,0.00391
DAP,0.982,0.0297,0.00394
PIGT,0.982,0.0297,0.00396
PRKAB1,1.04,0.0299,0.00399
KRTAP10-11,0.977,0.03,0.00401
SUCNR1,1.75,0.03,0.00404
PXMP4,0.977,0.0305,0.00406
EXOSC8,0.979,0.0306,0.00409
CAPN12,1.72,0.0306,0.00411
RMDN2,1.01,0.0309,0.00413
ARF4,0.982,0.0314,0.00416
LINC01535,0.979,0.0315,0.00419
SLC6A19,1.63,0.0318,0.00421
OSGEP,1.05,0.0322,0.00424
LINC01116,1.06,0.0322,0.00426
C21ORF91,0.98,0.0324,0.00429
CCT5,0.978,0.0324,0.00432
WASHC5,0.97,0.0327,0.00434
COX10,0.985,0.0331,0.00437
SAGE1,0.968,0.0334,0.0044
DNAJA3,1.03,0.0336,0.00442
CCDC107,0.973,0.0341,0.00445
MFSD13A,1.08,0.0342,0.00448
LARP6,1.09,0.0343,0.0045
FBP1,1.02,0.0346,0.00453
SERPINB9P1,1,0.0348,0.00456
LSM6,1.04,0.0356,0.00459
ERCC1,1.01,0.0356,0.00462
COL15A1,1.11,0.0357,0.00465
SCCPDH,1.01,0.0358,0.00467
MAEL,1.04,0.0358,0.0047
RAB17,0.976,0.0359,0.00473
TMEM86A,1,0.0359,0.00476
RNF183,1.01,0.0362,0.00479
TRBV3-1,0.969,0.0364,0.00482
SLC39A4,0.982,0.0365,0.00485
EXOSC5,0.982,0.0366,0.00488
HERPUD2,0.974,0.0367,0.0049
PJA1,1.05,0.0367,0.00493
CYP4B1,1.04,0.0372,0.00496
REEP6,0.992,0.0375,0.00499
ZNF888,1.15,0.0376,0.00502
TNP2,1.04,0.038,0.00505
SDHB,1.04,0.038,0.00508
CCDC58,1.79,0.0383,0.00511
PSG4,1.01,0.0383,0.00514
TAF4B,0.994,0.0383,0.00517
ITGA2,1.05,0.0384,0.0052
USP12-AS2,0.974,0.0386,0.00523
SCO2,1.37,0.0386,0.00526
FBXO34,0.972,0.0388,0.00529
GPR180,0.965,0.039,0.00532
KRAS,0.995,0.0392,0.00535
SQLE,0.979,0.0397,0.00538
VWA5B1,1.55,0.0398,0.00541
KALRN,1.09,0.0399,0.00544
CD83,0.976,0.04,0.00548
SMARCB1,1,0.0404,0.00551
CISD1,0.986,0.0405,0.00554
LASP1,0.986,0.0408,0.00557
BHMT,0.963,0.0408,0.0056
PCYOX1,0.963,0.0409,0.00563
HKDC1,1.64,0.041,0.00566
SLC2A1-AS1,0.962,0.0415,0.0057
LEPROTL1,0.967,0.0415,0.00573
MIR548M,1,0.0415,0.00576
ATP12A,0.996,0.0416,0.00579
CYP4F12,1.18,0.0417,0.00582
RWDD3,0.985,0.0418,0.00585
CFAP70,1,0.0419,0.00589
ANKRD18CP,0.996,0.0419,0.00592
NBPF3,0.99,0.0421,0.00595
VSTM4,1.02,0.0422,0.00598
ZAR1L,0.963,0.0422,0.00601
CPN2,1.39,0.0424,0.00605
IFITM10,1.15,0.0424,0.00608
CARS2,0.972,0.0426,0.00611
CCDC122,0.962,0.0426,0.00614
ACYP2,0.968,0.0426,0.00617
UBE2DNL,1.12,0.0427,0.00621
RPL8,0.989,0.0428,0.00624
NDUFA3,1.51,0.0429,0.00627
USP38,0.977,0.0433,0.0063
FBLL1,0.999,0.0436,0.00634
C3ORF85,1,0.0436,0.00637
MVP,0.982,0.0438,0.0064
E2F2,1.28,0.0438,0.00643
SLC22A11,1.11,0.0438,0.00647
IQUB,0.998,0.0444,0.0065
CFAP43,1.11,0.0444,0.00653
L3HYPDH,0.959,0.0446,0.00656
DNAJA4,0.975,0.0448,0.0066
SLC44A2,1.01,0.0449,0.00663
FAM86EP,0.979,0.0454,0.00666
GALNT11,1.11,0.0456,0.0067
NID2,0.988,0.0457,0.00673
KXD1,0.957,0.0462,0.00677
GGNBP2,0.98,0.0462,0.0068
IGFBP7-AS1,0.967,0.0464,0.00683
FOLH1B,0.996,0.0465,0.00687
CCDC28A,1.41,0.0466,0.0069
LINC01020,1.53,0.0468,0.00694
TMEM176A,1.24,0.0469,0.00697
TOMM6,1.12,0.0471,0.00701
ZNF529-AS1,0.964,0.0473,0.00704
LRMDA,0.962,0.0474,0.00707
LDHA,0.958,0.0474,0.00711
EPAS1,0.991,0.0478,0.00714
LINC01582,1.72,0.0478,0.00718
AP2A2,0.961,0.0482,0.00721
CYP21A1P,0.969,0.0483,0.00725
MIR199B,0.958,0.0489,0.00728
CCDC125,1.32,0.0492,0.00732
GALNT4,0.957,0.0493,0.00736
A4GNT,0.963,0.0493,0.00739
MRPS34,1.06,0.0494,0.00743
ATIC,0.959,0.0496,0.00746
GPRIN2,0.997,0.0496,0.0075
MGST3,1.02,0.0497,0.00753
ZZEF1,0.985,0.0499,0.00757
NDUFA10,0.976,0.0502,0.00761
GINS3,0.968,0.0504,0.00764
HSD17B14,1.05,0.0506,0.00768
USP39,0.963,0.0509,0.00772
ERICH1,1.06,0.051,0.00775
TTYH3,1,0.051,0.00779
RPP14,1.02,0.0512,0.00782
LONP1,0.95,0.0513,0.00786
BTN3A2,1.26,0.0519,0.0079
M6PR,1.68,0.0519,0.00794
ZNF593,0.968,0.0519,0.00797
LTF,0.95,0.0521,0.00801
LINC02091,1.49,0.0524,0.00805
C2ORF73,0.956,0.0526,0.00808
TMEM248,0.968,0.0529,0.00812
HTR2A-AS1,0.972,0.053,0.00816
SLC38A2,0.962,0.0531,0.0082
RNF187,0.958,0.0531,0.00823
RMND1,1.02,0.0535,0.00827
CDADC1,0.963,0.0537,0.00831
RCOR1,1.08,0.0537,0.00835
KANSL2,0.957,0.0537,0.00838
PATJ,0.952,0.0537,0.00842
ARMCX2,0.954,0.0538,0.00846
STX2,1.02,0.054,0.0085
MIR3939,1.09,0.0543,0.00854
TBL2,1.05,0.0544,0.00857
RFX3-AS1,0.954,0.0545,0.00861
ACAA1,0.962,0.0546,0.00865
ARHGAP32,1.02,0.0547,0.00869
KCTD21-AS1,0.954,0.0549,0.00873
TMTC1,1.02,0.0552,0.00876
SMIM20,0.951,0.0554,0.0088
SPATA1,0.958,0.0554,0.00884
KIF16B,0.954,0.0554,0.00888
ITM2C,1.02,0.0556,0.00892
SOD2,0.989,0.0558,0.00896
GOLGA8A,1.04,0.0562,0.00899
GJB1,0.969,0.0572,0.00903
IQGAP1,0.973,0.0573,0.00907
ADAM32,0.952,0.0575,0.00911
ISM1,0.948,0.0579,0.00915
FGD5,0.989,0.0582,0.00919
SURF2,0.968,0.0582,0.00923
MYO1F,0.945,0.0583,0.00927
GNB5,1.02,0.0584,0.00931
HEATR6,0.951,0.0586,0.00935
FAM237A,1.03,0.0592,0.00939
TRPM4,0.948,0.0593,0.00943
PPID,0.955,0.0596,0.00948
PSMG2,0.948,0.0597,0.00952
BMP6,1.39,0.0597,0.00956
LRRC8B,0.992,0.0602,0.0096
SRR,0.972,0.0604,0.00964
PCNX1,1.1,0.0612,0.00968
MYH11,1.21,0.0614,0.00972
PPFIBP1,0.952,0.0617,0.00976
PTPN1,0.948,0.0622,0.00981
HECTD1,1,0.0624,0.00985
PSMG1,0.963,0.0626,0.00989
TMEM60,0.957,0.0626,0.00993
NEK2,0.939,0.0626,0.00998
