A2M,0.401177972
A2ML1,1
A4GNT,0.225636654
AADACL4,0.531747607
AAGAB,1
AAK1,0.536649185
AAMP,0.501076715
AASDH,0.658361626
AASS,1
ABCA1,0.513639048
ABCA10,1
ABCA12,0.612451896
ABCA13,0.010275772
ABCA3,1
ABCA4,1
ABCA5,1
ABCA6,1
ABCA7,1
ABCA8,0.670445347
ABCA9,1
ABCB5,0.676313797
ABCB6,0.129454193
ABCB7,0.513639048
ABCC1,1
ABCC10,0.791113267
ABCC11,0.705221966
ABCC12,1
ABCC2,0.551615721
ABCC6,1
ABCC8,1
ABCC9,0.775108176
ABCD1,0.261758869
ABCD4,1
ABCG1,1
ABHD1,1
ABHD12,1
ABHD12B,0.401177972
ABHD15,0.513639048
ABHD17A,0.136680227
ABHD8,1
ABI3,1
ABI3BP,0.656880892
ABL1,0.107439811
ABLIM1,1
ABLIM2,1
ABTB2,0.513639048
ACACB,0.217654463
ACAD10,0.020133737
ACADL,1
ACAN,0.096106708
ACBD4,1
ACCS,0.513639048
ACE,1
ACIN1,1
ACLY,0.513639048
ACOT1,0.268893796
ACOT8,0.699539923
ACOT9,0.531747607
ACOX3,1
ACRC,0.042185839
ACSL4,0.255141807
ACSL6,0.501076715
ACSM1,0.189839375
ACSM3,1
ACSM5,0.412909863
ACTL7B,0.263420201
ACTRT1,0.07610673
ACTRT2,0.067933157
ADAM12,1
ADAM15,1
ADAM17,0.222117642
ADAM18,1
ADAM2,0.435969144
ADAM21,0.513639048
ADAM29,0.507647201
ADAM30,0.512881843
ADAM7,1
ADAM8,1
ADAMDEC1,1
ADAMTS1,1
ADAMTS12,0.314085223
ADAMTS14,0.189142418
ADAMTS18,1
ADAMTS19,1
ADAMTS2,0.513639048
ADAMTS20,0.513639048
ADAMTS3,1
ADAMTS7,0.658361626
ADAMTS8,1
ADAMTS9,0.501076715
ADAMTSL1,1
ADAMTSL3,0.314085223
ADAMTSL4,0.19007613
ADAMTSL5,1
ADAR,1
ADCK3,0.313840423
ADCY4,1
ADCY7,1
ADD1,1
ADD2,1
ADD3,1
ADH4,1
ADORA3,0.225636654
ADPRHL1,1
ADRA1A,1
ADSSL1,0.656880892
AEBP1,0.175276612
AFAP1,0.579844793
AFAP1L2,1
AFF1,0.599320162
AFF2,0.606949983
AGAP1,1
AGBL1,0.264177405
AGBL3,1
AGER,0.018443848
AGL,0.175276612
AGMO,0.401177972
AGPAT2,0.299342636
AGRN,0.177155069
AGT,0.067933157
AGTR1,1
AGTR2,1
AHDC1,0.07561656
AHI1,0.65925552
AHNAK,0.791512191
AHNAK2,0.851652732
AHSP,1
AIFM1,1
AIFM3,1
AIM1,1
AIPL1,1
AIRE,0.501076715
AK1,1
AK2,0.501076715
AK9,0.590784523
AKAP11,0.343918679
AKAP12,0.736058617
AKAP14,1
AKAP4,0.618836556
AKAP6,0.579844793
AKAP8,0.195657537
AKAP9,0.825287391
AKNA,1
ALAS2,1
ALDH16A1,1
ALDH1B1,0.579844793
ALDH1L1,1
ALDH5A1,0.107439811
ALDH8A1,1
ALDOB,1
ALG13,0.240032257
ALG2,1
ALG9,0.53298577
ALMS1,0.651444848
ALOX12,0.401177972
ALOX15,0.513639048
ALOX15B,0.531747607
ALOXE3,0.656880892
ALPK1,1
ALPK2,1
ALPK3,0.00715537
ALPL,0.280958297
ALPP,1
ALS2,1
ALS2CL,1
ALS2CR11,0.197446572
AMBN,0.594319243
AMBRA1,0.070137384
AMDHD2,0.626614472
AMELX,1
AMER1,0.857830124
AMOT,0.659539447
AMOTL2,1
AMPD1,1
AMPD3,1
AMY2B,0.513639048
AMZ1,1
AMZ2,1
ANAPC1,1
ANAPC4,0.512881843
ANGPT2,0.393579503
ANGPTL3,1
ANK1,0.176463383
ANK2,0.426978671
ANK3,0.423059705
ANKAR,0.161881147
ANKHD1,0.501076715
ANKHD1-EIF4EBP3,1
ANKK1,1
ANKMY1,0.543862819
ANKRD11,1
ANKRD12,1
ANKRD17,1
ANKRD2,0.513639048
ANKRD24,0.41636862
ANKRD26,0.658452088
ANKRD27,0.648894361
ANKRD30A,0.022811214
ANKRD30B,0.217424905
ANKRD33,0.125659505
ANKRD35,1
ANKRD36,1
ANKRD45,1
ANKRD55,0.536649185
ANKRD6,1
ANKS1A,0.513639048
ANKS4B,1
ANKZF1,1
ANLN,1
ANO3,1
ANO4,0.501076715
ANO9,0.513639048
ANP32E,0.349044193
ANPEP,0.401177972
ANXA11,0.264177405
ANXA13,1
ANXA4,1
ANXA9,0.512881843
AOAH,1
AOC2,0.536649185
AOX1,1
AP3D1,1
AP5M1,1
AP5Z1,0.13344482
APAF1,1
APBA1,0.501076715
APBA3,0.225636654
APBB2,0.49181666
APBB3,1
APC,0.697344237
APC2,0.501076715
APCDD1,0.615362586
APCDD1L,1
APEX2,0.707758493
APLP1,0.566535606
APLP2,1
APOA4,1
APOB,0.017909465
APOBEC3B,0.53298577
APOBEC3D,1
APOBEC4,0.536649185
APOL3,0.58062461
APOO,0.538076624
APPL1,0.501076715
AQPEP,0.551615721
AQR,0.512881843
ARAF,1
ARAP2,0.217424905
ARAP3,0.030034589
ARCN1,1
AREL1,0.225636654
ARHGAP17,1
ARHGAP21,0.636021488
ARHGAP23,1
ARHGAP29,0.264177405
ARHGAP30,0.126615274
ARHGAP31,0.051106585
ARHGAP33,0.623285256
ARHGAP36,1
ARHGAP39,0.107439811
ARHGAP4,0.448439212
ARHGAP5,1
ARHGAP6,0.435969144
ARHGAP9,0.264177405
ARHGEF10,0.501076715
ARHGEF10L,0.401177972
ARHGEF11,1
ARHGEF12,1
ARHGEF15,1
ARHGEF16,1
ARHGEF17,1
ARHGEF18,1
ARHGEF19,1
ARHGEF26,1
ARHGEF28,0.626614472
ARHGEF37,1
ARHGEF40,0.531747607
ARHGEF6,1
ARHGEF7,0.412909863
ARID1A,0.162769915
ARID1B,1
ARID4A,1
ARID4B,0.626614472
ARL13A,1
ARMC4,0.531747607
ARMCX1,1
ARMCX2,0.510581437
ARMCX3,0.011531519
ARMCX5,0.401177972
ARMCX6,1
ARNTL2,1
ARPC4-TTLL3,0.432683931
ARR3,0.057962877
ARSD,0.430676626
ARSE,1
ARSF,0.303421977
ARSH,0.072652366
ARSJ,0.513639048
ART5,0.122149952
ARTN,0.225636654
ASAP1,1
ASAP3,0.447431958
ASB11,0.083704237
ASB12,0.829540119
ASB15,1
ASB9,0.316948427
ASCC3,0.513639048
ASH1L,0.612451896
ASIC3,1
ASMTL,0.411538105
ASNS,1
ASPHD1,0.412909863
ASPM,1
ASPSCR1,1
ASTN1,1
ASTN2,0.492682907
ASXL3,0.187952903
ATAD3C,0.136041934
ATAD5,0.401177972
ATF6B,0.401177972
ATF7IP,1
ATG4A,0.749341472
ATG4C,0.531747607
ATG4D,1
ATIC,0.709479679
ATM,0.78145371
ATN1,0.483545261
ATP10A,0.682278563
ATP11A,0.251615073
ATP12A,1
ATP13A2,1
ATP13A5,1
ATP1A4,0.728050036
ATP1B4,0.730787849
ATP2A1,0.054578569
ATP2A3,0.136041934
ATP2B3,0.772158219
ATP2C2,1
ATP4A,0.152952476
ATP5SL,0.309357401
ATP6AP1,0.566889366
ATP6AP2,0.501076715
ATP6V0A4,0.554738183
ATP7A,0.097668196
ATP7B,1
ATP8B2,0.401177972
ATP8B4,0.026117301
ATPAF2,0.501076715
ATR,0.264177405
ATRN,0.513639048
ATRX,0.069037569
ATXN1,0.376854242
ATXN2,0.205616901
ATXN3,0.109494951
ATXN3L,0.385266557
ATXN7L1,0.107439811
AUNIP,0.15162511
AUP1,1
AUTS2,0.501076715
AVPR1B,1
AVPR2,1
AWAT1,0.772037613
AXL,1
AZI1,1
B3GNT4,1
B4GALNT3,1
B4GALT4,1
BAG3,1
BAG4,1
BAG6,1
BAIAP2,0.401177972
BAIAP3,0.167474479
BAZ1B,0.536649185
BAZ2B,0.531747607
BBS10,1
BBS12,1
BBS7,0.401177972
BBS9,1
BBX,0.531747607
BCAN,0.263420201
BCAP31,0.181041552
BCAR1,0.416429463
BCAR3,0.116504472
BCL9,0.566535606
BCLAF1,1
BCO2,1
BCOR,0.856792222
BCORL1,1
BDP1,0.670445347
BEND2,0.781438861
BEND5,0.107439811
BEST3,0.510277675
BEX1,1
BEX2,0.501076715
BEX4,0.107439811
BEX5,0.401177972
BGLAP,0.566535606
BGN,1
BHLHB9,0.608372165
BICC1,0.513639048
BIRC6,0.025930185
BLK,0.513639048
BLM,1
BMF,1
BMP15,0.150353667
BMP2K,0.337256526
BMPER,1
BMS1,1
BMX,0.739409255
BOC,0.513639048
BOD1L1,0.118309081
BPIFB3,0.085542929
BPIFB4,0.264177405
BPIFB6,1
BPTF,0.020945822
BRCA1,0.038441036
BRCA2,0.537650871
BRD2,1
BRD9,0.401177972
BRDT,0.513639048
BRI3BP,0.126615274
BRIP1,0.536649185
BRPF3,0.531747607
BRS3,1
BRWD1,1
BRWD3,0.255141807
BSG,0.536649185
BSN,0.610806374
BTBD9,0.232218464
BTD,0.658361626
BTN2A1,1
BTN2A2,0.616792791
BTN3A1,0.251615073
BTN3A3,0.362672409
BTNL3,0.162769915
BTNL8,0.810399299
BUD13,0.107439811
BZRAP1,0.271662204
C10ORF12,0.501076715
C11ORF24,0.264177405
C14ORF80,0.225636654
C15ORF39,1
C15ORF52,1
C16ORF96,0.501076715
C17ORF107,0.501076715
C17ORF77,1
C17ORF80,0.513639048
C18ORF25,0.58062461
C19ORF44,1
C1GALT1C1,1
C1ORF173,0.513639048
C1ORF194,0.225636654
C1ORF63,1
C1QTNF2,0.501076715
C20ORF194,1
C20ORF26,0.697344237
C21ORF59,1
C2CD3,0.594319243
C2ORF16,1
C3,0.531747607
C4ORF40,0.264177405
C4ORF46,1
C5,1
C5ORF42,0.513639048
C6,1
C7,1
C8B,0.513639048
C8ORF82,0.126615274
C9,0.114008785
CA5B,1
CA9,1
CAB39,1
CABIN1,0.021039366
CABLES2,1
CACHD1,0.264177405
CACNA1A,0.168718011
CACNA1B,0.607159256
CACNA1C,0.329354204
CACNA1D,0.149497521
CACNA1F,0.086339403
CACNA1G,0.033425337
CACNA1H,0.787699537
CACNA1I,1
CACNA1S,1
CACNA2D2,1
CACNA2D4,0.676313797
CAD,0.566535606
CADPS2,0.531747607
CAGE1,1
CALD1,0.501076715
CALHM1,1
CALHM2,0.401177972
CALR,0.555013532
CAMP,1
CAMSAP3,0.501076715
CAMTA2,0.401177972
CAND2,0.189142418
CAPN1,0.513639048
CAPN10,0.052660332
CAPN12,1
CAPN13,0.538666393
CAPN2,0.280958297
CAPN3,0.313840423
CAPN9,0.814790496
CAPS,0.656880892
CARD8,1
CARF,1
CASC1,0.536649185
CASC3,0.501076715
CASKIN1,0.107439811
CASKIN2,0.063235097
CASP8,0.501076715
CASQ2,1
CAST,0.251615073
CASZ1,0.405540563
CATSPERB,0.536649185
CATSPERD,0.53298577
CATSPERG,0.457104325
CAV3,0.512881843
CBFA2T3,0.283265854
CBLC,1
CBX2,0.419583417
CC2D2A,0.125659505
CC2D2B,0.513639048
CCBL2,1
CCDC105,1
CCDC108,0.718259672
CCDC11,0.545701366
CCDC120,1
CCDC125,1
CCDC13,0.656880892
CCDC130,0.217424905
CCDC135,0.446422053
CCDC136,0.419583417
CCDC138,1
CCDC142,1
CCDC149,0.501076715
CCDC150,0.58062461
CCDC151,1
CCDC155,1
CCDC158,0.311146789
CCDC159,0.82993554
CCDC17,0.005483634
CCDC171,1
CCDC175,0.348029845
CCDC178,0.578338428
CCDC180,0.460513683
CCDC22,1
CCDC27,0.682689103
CCDC33,0.545701366
CCDC39,0.314085223
CCDC40,0.329354204
CCDC42B,1
CCDC54,0.251615073
CCDC60,0.512881843
CCDC65,1
CCDC66,1
CCDC67,0.401177972
CCDC7,0.232833251
CCDC71,0.264177405
CCDC74B,1
CCDC80,1
CCDC81,1
CCDC82,1
CCDC87,0.513639048
CCDC88C,0.492682907
CCDC89,0.018054811
CCDC9,0.568897946
CCDC90B,1
CCHCR1,0.661443831
CCL27,0.513639048
CCL4,0.501076715
CCL4L2,1
CCNA1,0.501076715
CCNB3,1
CCNDBP1,0.551615721
CCNE1,1
CCNI2,0.635454435
CCNK,1
CCR3,0.65991939
CCSER1,0.634682311
CCT6B,0.568897946
CD101,0.162769915
CD109,0.280958297
CD163L1,0.497274326
CD180,0.531747607
CD1C,0.412909863
CD209,0.264177405
CD276,0.217424905
CD2AP,0.401177972
CD36,0.676541433
CD38,1
CD3EAP,0.135473747
CD44,0.264177405
CD46,0.513639048
CD55,1
CD68,1
CD7,0.017267115
CD74,1
CD96,0.264177405
CD99L2,0.345778065
CDAN1,0.710717021
CDC20B,1
CDC42BPA,1
CDC42BPG,0.656880892
CDC42EP1,0.169159437
CDCA2,0.609543094
CDCA4,0.222117642
CDCP1,1
CDCP2,0.412909863
CDH16,1
CDH19,0.412909863
CDH23,0.222117642
CDH26,0.161001669
CDHR1,0.655279077
CDHR2,0.708307654
CDHR3,0.65925552
CDHR4,1
CDHR5,0.401177972
CDK11A,0.609543094
CDK12,0.536649185
CDK13,1
CDK16,0.271586221
CDK20,0.648894361
CDK5RAP1,0.251615073
CDK5RAP2,0.689057602
CDK5RAP3,1
CDKL2,1
CDKL4,0.512881843
CDKL5,1
CDON,1
CDR1,1
CDR2L,0.051106585
CDS1,0.501076715
CDSN,1
CDX4,1
CEACAM1,0.201188849
CEACAM4,1
CEL,1
CELSR1,1
CELSR2,0.339341388
CELSR3,0.066268564
CENPB,0.040293681
CENPE,0.699395614
CENPF,0.656880892
CENPI,0.271535738
CENPJ,1
CEP104,0.744775785
CEP112,1
CEP120,1
CEP152,0.264177405
CEP164,0.531747607
CEP192,0.113273319
CEP250,0.352626854
CEP290,0.446422053
CEP350,0.311146789
CEP41,0.531747607
CEP44,1
CEP63,0.513639048
CEP72,0.58062461
CEP78,1
CEP89,1
CEP97,0.501076715
CERCAM,1
CES1,0.513639048
CES2,1
CES5A,1
CFHR1,0.65925552
CFHR2,0.58062461
CFHR3,1
CFHR4,1
CFHR5,0.758872487
CFP,0.114811216
CGN,0.682689103
CGNL1,1
CHAC1,1
CHAC2,1
CHAF1A,0.566535606
CHD2,1
CHD6,0.401177972
CHD7,1
CHD8,0.566535606
CHDC2,0.136582157
CHDH,0.313840423
CHIC1,0.609543094
CHIT1,0.129967633
CHM,0.743992316
CHPF,0.738048249
CHPF2,1
CHRDL1,0.766928675
CHRNA4,0.501076715
CHRNB4,1
CHRNE,1
CHST6,1
CHTF18,1
CIC,0.579844793
CILP,0.309357401
CIT,1
CITED1,0.443352529
CKAP2L,1
CKAP4,0.579844793
CLCA1,0.501076715
CLCA2,0.615362586
CLCA4,1
CLCC1,1
CLCN1,0.364875263
CLCN2,1
CLCN3,0.536649185
CLCN4,0.719259412
CLCN5,1
CLDN18,1
CLDN2,0.401177972
CLEC10A,0.424620567
CLEC16A,0.604810063
CLEC2A,1
CLEC4F,1
CLGN,0.217424905
CLIC5,0.401177972
CLK4,1
CLMN,0.401177972
CLPTM1L,1
CLRN1,1
CLSPN,0.636021488
CLTCL1,0.745823046
CLU,1
CMC4,0.566535606
CMIP,1
CMKLR1,1
CMPK2,1
CMTM1,1
CMYA5,0.233180699
CNBD2,1
CNDP1,1
CNGA1,1
CNGA2,0.224959606
CNGB1,0.307583667
CNGB3,1
CNKSR2,0.228321915
CNNM1,0.251615073
CNNM4,0.401177972
CNOT2,0.316948427
CNPY4,0.401177972
CNTLN,0.752171054
CNTN1,1
CNTN2,0.136041934
CNTN5,0.65991939
CNTN6,1
CNTRL,0.651714237
CNTROB,0.765923999
COBL,1
COBLL1,1
COG1,0.414879646
COG4,0.135473747
COG7,0.513639048
COG8,1
COL10A1,0.376854242
COL11A1,1
COL11A2,1
COL12A1,0.066208462
COL13A1,0.65925552
COL14A1,1
COL15A1,0.542624008
COL16A1,0.37100025
COL17A1,0.328766752
COL18A1,1
COL19A1,0.186771981
COL1A1,1
COL1A2,0.642185456
COL20A1,0.76262934
COL22A1,0.115673727
COL23A1,0.417162031
COL24A1,0.656880892
COL25A1,1
COL27A1,0.632971463
COL28A1,1
COL2A1,0.264177405
COL3A1,0.311146789
COL4A1,1
COL4A2,0.339796436
COL4A3,1
COL4A4,0.01202202
COL4A5,0.264307797
COL4A6,0.050635
COL5A1,0.257512905
COL5A2,0.826467475
COL5A3,0.186771981
COL6A1,0.604810063
COL6A2,0.275225597
COL6A3,0.236971399
COL6A6,0.02663571
COL7A1,1
COL9A1,1
COL9A2,0.512881843
COL9A3,0.723720311
COLEC12,0.412909863
COLGALT1,1
COMMD1,0.551615721
COMT,0.305831186
COQ6,0.513639048
CORIN,0.079871465
CORO7,0.316948427
CORO7-PAM16,0.316948427
COTL1,1
COX18,0.566512464
CP,1
CPA1,1
CPA3,1
CPA6,0.284605168
CPAMD8,0.401177972
CPED1,1
CPNE2,1
CPNE3,0.401177972
CPNE7,1
CPPED1,1
CPS1,1
CPT1C,0.513639048
CPT2,1
CPXCR1,0.492359155
CPXM2,1
CPZ,1
CR1,0.067933157
CR1L,0.568897946
CR2,0.313840423
CRB1,0.222117642
CREB3L1,1
CREB3L3,1
CREBBP,0.646125327
CREG1,0.204097807
CRELD1,0.513639048
CREM,1
CRIM1,1
CRNKL1,0.53298577
CROCC,0.856369157
CRYBB1,1
CSAD,1
CSF1R,0.217424905
CSF2RA,1
CSF2RB,0.513639048
CSF3R,0.135594968
CSGALNACT1,1
CSHL1,1
CSMD1,0.793643013
CSMD2,0.501076715
CSMD3,0.199174753
CSNK1A1L,1
CSNK1E,0.501076715
CSPG4,1
CSPP1,1
CSRP2BP,1
CST1,0.658361626
CST9L,0.401177972
CSTF2,0.162769915
CSTF2T,1
CT47B1,0.428195661
CTAG2,1
CTAGE5,0.885121456
CTC1,0.263420201
CTCF,1
CTCFL,0.545701366
CTH,1
CTNNA3,1
CTNND1,1
CTRB1,1
CTSE,0.147671286
CTSF,0.513639048
CTSW,1
CTTNBP2,0.396738916
CTU2,0.72841941
CUBN,0.009943229
CUL4B,1
CUL7,0.800896778
CUL9,1
CUX1,0.360200813
CUZD1,1
CWF19L2,0.401177972
CWH43,1
CXCR3,0.160391448
CXORF22,1
CXORF23,0.222117642
CXORF27,1
CXORF30,0.697344237
CXORF36,0.416023676
CXORF57,1
CXORF58,1
CXORF64,0.607159256
CXORF65,1
CYBB,1
CYC1,1
CYHR1,0.225636654
CYLC1,0.836764922
CYLC2,0.604810063
CYP11B1,1
CYP1A1,0.712121933
CYP1A2,0.401177972
CYP1B1,1
CYP24A1,1
CYP2A7,1
CYP2B6,0.455405119
CYP2C18,0.280958297
CYP2D6,0.737931454
CYP2F1,0.034178866
CYP3A43,0.569174917
CYP4A22,1
CYP4F12,0.513639048
CYP4F2,0.513639048
CYR61,0.412909863
CYSLTR1,0.49390937
DAAM1,0.501076715
DAAM2,0.217424905
DACH1,0.501076715
DACH2,0.662841762
DACT2,0.401177972
DAGLB,0.168718011
DAK,0.107439811
DAOA,1
DAP3,0.316948427
DAPK1,0.513639048
DAXX,0.126615274
DBH,0.757543185
DCAF12L2,0.313840423
DCAF13,0.513639048
DCAF4L2,1
DCAF6,0.513639048
DCAF8L2,0.277424053
DCBLD2,0.225636654
DCC,1
DCHS1,0.016091916
DCHS2,0.50814238
DCLK3,0.062955256
DCLRE1A,0.531747607
DCX,1
DDHD2,0.673328497
DDN,1
DDOST,0.501076715
DDX10,1
DDX26B,1
DDX31,0.412909863
DDX3X,0.126615274
DDX4,1
DDX51,0.419583417
DDX53,1
DDX54,1
DDX56,0.222117642
DDX58,1
DDX60,0.689957676
DDX60L,0.316869808
DEFB119,1
DEFB126,1
DENND2C,0.222117642
DENND4B,1
DEPDC5,1
DEPTOR,0.412909863
DFFA,0.53298577
DFNB31,1
DGAT1,0.607159256
DGAT2,1
DGKD,1
DGKZ,0.401177972
DHCR24,1
DHDH,0.604810063
DHRS1,0.512881843
DHRS12,1
DHRS2,1
DHRS4,1
DHRS4L2,1
DHRS9,1
DHTKD1,1
DHX34,0.536649185
DHX35,1
DHX38,0.642185456
DIAPH1,0.241412907
DIAPH2,0.772037613
DIAPH3,0.282106262
DIDO1,1
DIP2A,0.412909863
DIS3L,1
DISP2,0.681234527
DLC1,1
DLD,1
DLEC1,0.280958297
DLG1,0.513639048
DLG3,0.107121926
DLK1,0.401177972
DLL1,0.579844793
DLL3,1
DMBT1,0.559071148
DMD,0.289293867
DMGDH,0.536649185
DMKN,0.647112512
DMP1,0.501076715
DMPK,0.501076715
DMXL1,1
DMXL2,0.545102993
DNAAF1,1
DNAH1,1
DNAH10,0.716871227
DNAH11,0.12782638
DNAH12,1
DNAH14,1
DNAH2,0.109190818
DNAH3,0.814367542
DNAH5,0.81764991
DNAH6,0.789936018
DNAH7,0.738092758
DNAH9,0.001252124
DNAJB7,1
DNAJC10,0.138650053
DNAJC13,0.658452088
DNAJC28,0.772347315
DNASE1,1
DNASE1L1,1
DNHD1,0.731339748
DNMBP,1
DNMT1,1
DNTT,0.513639048
DOCK10,0.161881147
DOCK11,0.592501702
DOCK2,0.512881843
DOCK4,0.116018721
DOCK5,0.531747607
DOCK6,0.768043105
DOCK7,1
DOCK8,0.668897555
DOCK9,0.401177972
DOK7,1
DOPEY2,0.380588396
DPCR1,0.08077526
DPEP2,1
DPH1,1
DPP7,1
DPT,0.054578569
DPYD,0.609543094
DRC1,0.133485905
DRD1,1
DRD5,0.58062461
DROSHA,0.396738916
DRP2,1
DSC1,0.512881843
DSC3,1
DSCAML1,0.65925552
DSEL,1
DSG1,0.309357401
DSG2,1
DSG3,1
DSG4,1
DSP,0.76277485
DSPP,0.307293271
DST,0.589653691
DSTYK,1
DTNBP1,0.401177972
DTWD2,0.501076715
DTX3L,0.264177405
DUOX1,1
DUOX2,1
DUOXA1,1
DUOXA2,0.746746322
DUSP13,0.817556075
DUSP21,0.282106262
DUSP27,1
DUSP9,1
DVL1,1
DVL2,0.545701366
DYNC1LI1,0.513639048
DYNC2H1,0.826475859
DYSF,1
DYX1C1,1
E2F2,0.566535606
EBNA1BP2,1
EBP,0.125659505
ECE2,0.608388267
ECHDC2,0.08455365
ECSIT,1
EDA,1
EDA2R,1
EDC3,0.416023676
EDDM3A,0.051106585
EDIL3,0.545701366
EEF2K,1
EEFSEC,0.401177972
EFCAB12,0.217424905
EFCAB4B,0.566535606
EFCAB5,0.590334444
EFCAB6,0.379510825
EFCAB7,1
EFHB,1
EFHC2,0.655279077
EFNB1,1
EFS,0.228321915
EFTUD1,0.795343035
EGF,0.513639048
EGFL6,0.646861274
EGFLAM,1
EHBP1,1
EIF3A,1
EIF4EBP3,0.232218464
EIF4ENIF1,1
EIF4G1,0.140408702
ELAC2,0.07950004
ELF4,1
ELK1,0.189839375
ELL3,1
ELMO3,0.136109074
ELMSAN1,0.501076715
ELN,0.282560125
EMC1,0.107439811
EMD,1
EMILIN1,1
EML2,0.280958297
EML3,1
EML4,0.513639048
EML5,1
EML6,0.311146789
EMP1,1
EMR1,0.217424905
EMR2,0.513639048
EMR3,0.513639048
ENAH,1.83E-05
ENAM,1
ENDOU,1
ENG,1
ENGASE,1
ENKD1,0.133485905
ENOX2,1
ENPEP,0.346526094
ENPP2,1
ENPP3,0.019589022
ENPP7,1
ENTPD2,1
ENTPD7,0.513639048
EP300,1
EP400,0.241534036
EPB41,1
EPB41L1,0.58062461
EPB41L2,0.571266058
EPB41L3,0.513639048
EPB41L4A,1
EPB41L5,0.513639048
EPHA10,1
EPHA2,1
EPHA7,0.130235547
EPHA8,1
EPHB2,0.263420201
EPHX2,0.412909863
EPN1,0.376854242
EPN3,1
EPS15,0.501076715
EPS8L2,1
EPX,0.597770238
EPYC,1
ERAP1,1
ERAP2,0.309357401
ERBB2,1
ERBB2IP,1
ERCC2,0.513639048
ERCC4,0.53298577
ERCC6,0.280958297
ERCC6L,0.58062461
ERN2,0.347517515
ESAM,0.501076715
ESCO2,1
ESD,1
ESF1,1
ESYT3,0.264177405
ETV4,1
EVC,0.229867956
EVC2,0.229422596
EVI5,0.174939538
EVPL,0.158975678
EXO1,1
EXOC2,1
EXOC3L1,1
EXOC6,0.513639048
EXOSC3,0.195657537
EXPH5,1
EXT2,0.536649185
EXTL1,0.264177405
EXTL3,1
EYA2,0.33809874
EYS,0.297544151
F2,1
F3,0.693922689
F5,0.435703511
F8,2.02E-05
F9,1
FAAH2,0.409941866
FAHD2A,1
FAIM,1
FAIM3,1
FAM104B,0.719460997
FAM111A,1
FAM120C,0.090255162
FAM122B,0.418086675
FAM122C,0.446422053
FAM124A,1
FAM127C,1
FAM129A,1
FAM129B,0.251615073
FAM129C,0.114663146
FAM133A,1
FAM135A,1
FAM13A,1
FAM13C,0.501076715
FAM149A,1
FAM154A,0.513639048
FAM155A,1
FAM155B,1
FAM160A1,0.162769915
FAM160A2,1
FAM160B2,1
FAM161A,1
FAM166A,0.222117642
FAM174B,1
FAM179A,1
FAM179B,1
FAM184B,1
FAM186A,0.598336524
FAM189A1,1
FAM189A2,0.412909863
FAM189B,1
FAM193A,0.564208968
FAM193B,0.648894361
FAM194A,0.428333627
FAM194B,0.174939538
FAM196A,1
FAM198A,0.77269621
FAM198B,1
FAM19A3,1
FAM208A,0.635454435
FAM208B,0.019154475
FAM216A,0.072335954
FAM217A,1
FAM218A,0.211467181
FAM221A,0.293002271
FAM227B,0.513639048
FAM3D,1
FAM46A,1
FAM46C,1
FAM47A,0.860599263
FAM47B,0.440288263
FAM47C,0.0007996
FAM63A,1
FAM65A,0.501076715
FAM65B,0.424495021
FAM65C,0.661443831
FAM71C,1
FAM76B,0.513639048
FAM81B,1
FAM83C,1
FAM83G,1
FAM83H,1
FAM92B,1
FAM98A,0.313840423
FAM98B,0.221777511
FAM9B,1
FAM9C,0.502187889
FANCA,0.579844793
FANCB,0.168718011
FANCC,1
FANCD2,1
FANCI,1
FANCM,1
FARP1,1
FARP2,0.655279077
FARS2,1
FASN,0.228321915
FAT1,0.263216265
FAT2,0.626769914
FAT4,0.758684816
FATE1,1
FBF1,0.707758493
FBLN1,0.054578569
FBLN2,1
FBLN7,1
FBN1,1
FBN2,0.730787849
FBN3,0.077707772
FBP2,0.161001669
FBXL14,0.401177972
FBXL6,1
FBXO11,0.501076715
FBXO27,1
FBXO40,1
FBXO41,0.225636654
FBXO44,1
FBXW12,1
FBXW5,1
FCAMR,0.59531497
FCGBP,0.13355288
FCHO1,0.579078612
FCN1,0.513639048
FCRL2,0.456655341
FCRL3,0.316948427
FCRL5,1
FCRL6,0.099353482
FDPS,0.401177972
FDXR,1
FER1L6,0.570114276
FERMT2,1
FGD1,0.531747607
FGD5,1
FGFBP1,0.59531497
FGFR1OP,1
FGGY,1
FGL1,0.107439811
FHDC1,0.412909863
FHL1,0.722471174
FHOD3,0.311146789
FIBCD1,1
FIBIN,1
FICD,0.501076715
FIGF,0.13344482
FIGNL1,0.107439811
FKBP7,1
FKBP9,0.412909863
FKTN,0.107439811
FLG,0.671750316
FLG2,0.316840912
FLII,1
FLNB,0.634657586
FLT1,1
FLT4,1
FMN1,0.540790445
FMN2,0.228321915
FMNL2,1
FMO2,1
FMO5,1
FMR1,0.258281664
FMR1NB,1
FN1,0.530438501
FNBP4,1
FNDC1,0.003223154
FNIP2,0.513639048
FOCAD,0.53298577
FOXA2,0.501076715
FOXK2,1
FOXM1,0.040293681
FOXP3,0.26309598
FOXR1,0.531747607
FOXR2,0.058071741
FOXS1,0.475360111
FRAS1,0.644225859
FREM1,0.099353482
FREM2,0.22428143
FRG2B,1
FRK,0.401177972
FRMD1,1
FRMD4B,1
FRMD7,1
FRMPD1,0.691646929
FRMPD2,1
FRMPD4,1
FRY,1
FRYL,1
FSCB,0.012523066
FSD2,1
FSIP1,1
FSTL4,1
FSTL5,0.513639048
FTHL17,0.36079353
FTSJ1,0.225636654
FTSJ3,1
FUCA2,0.513639048
FUK,1
FUNDC1,1
FUNDC2,1
FUT10,0.125659505
FUT2,0.531747607
FXYD1,1
FYCO1,0.401177972
FZD10,0.309357401
FZD2,1
G6PC2,1
G6PD,0.114703402
GAA,1
GAB3,0.264177405
GAB4,0.401177972
GABRA6,0.545701366
GABRE,0.247330434
GAGE10,0.592630179
GAL3ST2,0.401177972
GAL3ST4,1
GALC,0.536649185
GALM,0.512881843
GALNT5,1
GALNT8,0.347014901
GALNTL5,1
GANAB,1
GANC,0.082704232
GAPVD1,1
GART,0.470491074
GAS2L3,0.703549733
GAS6,1
GAS8,1
GATA1,1
GBA2,1
GBE1,0.130235547
GBGT1,0.568897946
GBP3,0.225636654
GBP4,0.531747607
GBP5,0.217424905
GCA,0.051106585
GCKR,1
GCNT2,0.536649185
GCOM1,1
GDPD2,0.061145606
GDPD5,0.513639048
GEMIN5,0.762692574
GEMIN8,0.366044881
GGA2,1
GGA3,1
GGN,0.189150502
GH2,0.36369127
GHRL,1
GIF,0.401177972
GIGYF1,0.264177405
GIGYF2,0.319876703
GIMAP4,0.225636654
GJB2,0.282106262
GJB4,1
GJC3,1
GJD4,0.513639048
GK,0.513639048
GK2,1
GLA,0.618130593
GLB1L3,1
GLDC,1
GLDN,1
GLIS3,1
GLMN,0.513639048
GLRA4,0.251983569
GLT6D1,0.051106585
GLT8D2,0.051106585
GLTSCR1,0.401177972
GLTSCR2,1
GLUD2,0.09825877
GLYAT,0.040881038
GLYATL1,1
GNAS,0.655279077
GNB3,0.136041934
GNL3L,0.104611593
GNLY,0.314085223
GNRH1,1
GOLGA2,0.377690787
GOLGA3,0.612451896
GOLGA4,0.58062461
GOLGA6C,0.051025987
GOLGB1,0.468084229
GOLIM4,0.513639048
GOLM1,0.189142418
GORASP1,0.309357401
GOT1L1,0.501076715
GP2,0.597334635
GP6,0.53298577
GPATCH1,1
GPATCH4,1
GPATCH8,0.309357401
GPC3,1
GPC4,1
GPD2,0.232218464
GPKOW,0.709552265
GPNMB,0.412909863
GPR1,0.011542104
GPR101,0.697344237
GPR108,0.347517515
GPR112,0.046321346
GPR113,0.47291194
GPR115,1
GPR119,0.470879479
GPR124,0.070137384
GPR125,1
GPR126,0.609543094
GPR142,0.377690787
GPR143,0.280958297
GPR151,1
GPR152,0.59531497
GPR161,0.513639048
GPR173,0.431677905
GPR179,0.577304527
GPR180,1
GPR50,0.045188725
GPR64,1
GPR82,1
GPR98,0.899355131
GPRASP2,0.819327601
GPRC5A,1
GPRIN1,1
GPRIN2,0.536649185
GPSM2,1
GPT,0.264534355
GRAMD1A,0.107439811
GRB7,0.264177405
GREB1,0.362672409
GREB1L,0.676541433
GRIA3,1
GRID2IP,0.401177972
GRIK1,1
GRIK5,1
GRIN3A,0.53298577
GRIN3B,0.169159437
GRIPAP1,0.029211277
GRK7,0.799890484
GRM1,0.501076715
GRM2,1
GRM6,0.762436882
GRPR,0.775352258
GSE1,1
GSG1,1
GSN,0.416023676
GSPT1,0.501076715
GSPT2,0.555013532
GSTA3,1
GSTM1,0.225636654
GSTT1,0.612747123
GTF2IRD1,0.263420201
GTF3C5,0.513639048
GUCY2F,0.221356013
GYG2,0.018054811
GYLTL1B,0.513639048
GZF1,1
H2BFM,0.73986083
H2BFWT,0.466677684
HADH,1
HADHB,1
HAL,0.536649185
HAO2,0.501076715
HAP1,1
HAPLN3,1
HARS,1
HARS2,0.107439811
HAUS6,0.401177972
HAUS7,0.503609923
HBD,0.512881843
HCFC1,0.447488857
HCLS1,0.608388267
HCN3,0.014765817
HDAC6,0.711145122
HDAC8,0.140963927
HDHD1,0.280958297
HDX,0.615362586
HEATR1,0.416724053
HEATR5B,1
HECW1,1
HEG1,0.536649185
HELB,0.412909863
HELQ,0.512881843
HELZ,1
HELZ2,0.401700433
HEPH,0.308140782
HEPHL1,0.33809874
HERC1,0.623285256
HERC2,1
HERC6,1
HERPUD1,1
HEXA,1
HEXDC,0.082065078
HFE2,1
HGD,0.401177972
HGFAC,1
HGSNAT,1
HHATL,0.579844793
HHIPL2,1
HIC1,1
HIF1A,0.579844793
HINFP,0.264177405
HIP1R,0.512881843
HIPK1,1
HIPK4,0.501076715
HIRIP3,0.412909863
HIST1H1A,0.53298577
HIST1H1B,0.401177972
HIST1H1C,0.280958297
HIST1H1D,0.513639048
HIST1H1E,1
HIST1H2BE,1
HIVEP1,0.044095754
HIVEP2,1
HIVEP3,0.050277311
HK3,0.531747607
HKDC1,1
HKR1,1
HLA-A,0.513639048
HLA-B,0.636021488
HLA-C,0.611967572
HLA-DQB1,0.305831186
HLCS,1
HLX,0.531747607
HMCN1,0.432039164
HMGB3,1
HMGN5,0.626614472
HMMR,1
HMOX2,1
HNF1A,0.501076715
HNRNPA0,0.401177972
HNRNPDL,0.033132462
HOMER2,0.513639048
HOMEZ,0.720956183
HOXB1,1
HOXB9,0.743840876
HPS1,0.501076715
HR,1
HRASLS,0.53298577
HRASLS5,1
HRC,1
HRG,1
HRNR,0.911813356
HS6ST2,0.056613052
HSD17B10,1
HSD17B13,1
HSD17B14,1
HSD3B1,0.647618889
HSPA4,0.309357401
HSPA6,0.578338428
HSPB2,0.217424905
HSPG2,0.790991384
HTATSF1,1
HTR2C,1
HTR3D,1
HTT,0.299342636
HUWE1,0.771447213
HYAL1,0.501076715
HYAL4,1
HYDIN,0.217424905
IARS,0.635454435
IARS2,1
IBSP,0.107121926
IBTK,0.512881843
IDH3A,0.222117642
IDH3G,0.551615721
IDS,0.414879646
IFI16,0.501076715
IFI27,0.577636219
IFI44L,0.545701366
IFIH1,0.012323463
IFNA5,1
IFNA7,1
IFNAR2,1
IFRD2,0.264177405
IFT122,1
IFT140,0.140963927
IFT74,1
IFT80,1
IGBP1,0.762039482
IGDCC3,0.200193168
IGF2R,0.729062478
IGFBP1,0.401177972
IGFBPL1,0.362672409
IGFL2,0.224096136
IGFLR1,0.217424905
IGFN1,0.021065049
IGLL1,0.602308131
IGLL5,0.136041934
IGSF1,0.546516427
IGSF10,0.54650097
IGSF21,0.048332783
IGSF22,0.614529641
IGSF3,0.698465026
IGSF5,1
IGSF9,0.251615073
IGSF9B,0.501076715
IKBKG,0.756457485
IL12RB2,1
IL13RA1,0.551615721
IL15RA,1
IL17RA,0.487589072
IL17RC,1
IL17RE,0.348029845
IL1RAPL1,1
IL1RAPL2,0.604810063
IL20RA,0.513639048
IL23R,0.513639048
IL27RA,0.311146789
IL2RB,0.401177972
IL2RG,1
IL32,0.543787839
IL4R,1
IL6ST,0.079157653
ILDR1,0.401177972
ILVBL,1
IMPG2,0.531747607
INADL,0.626614472
INCENP,1
INF2,1
INMT,0.545701366
INO80D,1
INPP4B,1
INPP5B,0.217424905
INPP5F,1
INSC,1
INSIG1,1
INSRR,0.846072743
INTS10,0.513639048
INTS8,1
INVS,1
IPO4,0.228321915
IQCA1,1
IQCC,0.116018721
IQCE,0.008115282
IQCH,1
IQGAP1,0.513639048
IQGAP3,0.594319243
IQSEC1,0.280958297
IQSEC2,0.72342791
IQSEC3,0.080119123
IQUB,1
IRAK1,0.354940986
IRAK3,0.051106585
IRF2,1
IRF2BPL,1
IRF3,1
IRF5,1
IRGQ,0.136041934
IRS4,0.819837776
ISYNA1,0.225636654
ITFG3,0.488100052
ITGA10,0.738364827
ITGA11,1
ITGA2,0.04018831
ITGA2B,1
ITGA3,1
ITGA4,0.536649185
ITGA8,0.401177972
ITGA9,0.280958297
ITGAD,1
ITGAX,1
ITGB1BP2,1
ITGB2,0.011542104
ITGB3,0.512881843
ITGB4,0.670445347
ITGB5,1
ITGB6,0.401177972
ITGB7,1
ITIH1,1
ITIH3,0.513639048
ITIH6,0.097538055
ITPKB,0.545701366
ITPR2,0.536649185
ITPR3,1
ITSN2,0.781690581
IVL,1
JAG2,1
JAK3,1
JAKMIP1,0.107439811
JMJD1C,0.169159437
JMJD7-PLA2G4B,0.078261521
JPH3,0.59531497
JUP,1
KAL1,0.502603737
KALRN,0.551615721
KANK1,0.66241464
KANK2,0.130235547
KAT6A,0.536649185
KAT6B,0.314085223
KBTBD6,0.501076715
KCNA4,0.513639048
KCNA5,1
KCNA7,0.58062461
KCND1,0.709479679
KCNG4,0.120398119
KCNH6,1
KCNH7,0.59531497
KCNK16,0.158912515
KCNN3,0.396432023
KCNT1,0.545701366
KCTD16,0.545701366
KCTD19,0.430676626
KDELC2,0.051025987
KDM1B,1
KDM5A,0.636021488
KDM5B,1
KIAA0100,0.067933157
KIAA0232,0.636021488
KIAA0319,0.391232867
KIAA0355,0.107439811
KIAA0368,1
KIAA0430,0.65991939
KIAA0556,0.161881147
KIAA0586,1
KIAA0753,0.079636753
KIAA0922,1
KIAA0947,0.401177972
KIAA1009,0.222117642
KIAA1024,1
KIAA1033,0.107439811
KIAA1045,1
KIAA1109,0.531747607
KIAA1199,0.735931904
KIAA1210,0.07970529
KIAA1217,0.138764516
KIAA1244,0.294848321
KIAA1257,0.607159256
KIAA1324L,0.36369127
KIAA1407,1
KIAA1429,0.609543094
KIAA1432,1
KIAA1462,1
KIAA1468,0.401177972
KIAA1522,0.419704297
KIAA1549,1
KIAA1549L,1
KIAA1551,0.670445347
KIAA1586,1
KIAA1683,0.625286354
KIAA1731,0.604810063
KIAA1958,0.513639048
KIAA1984,0.260601455
KIAA2018,1
KIAA2022,0.189954285
KIDINS220,1
KIF13A,1
KIF14,0.65925552
KIF15,0.551615721
KIF16B,1
KIF17,0.414879646
KIF19,0.116018721
KIF20A,1
KIF20B,1
KIF21A,0.161881147
KIF23,0.107439811
KIF24,0.636021488
KIF26B,0.235899786
KIF27,1
KIF2B,1
KIF2C,0.401177972
KIF4A,0.067933157
KIF6,1
KIF9,1
KIFC2,0.108340661
KIR2DL1,0.059260614
KIR2DL3,0.536649185
KIR3DL1,0.788192545
KIRREL,0.107439811
KIRREL2,0.648031819
KL,0.107439811
KLB,0.531747607
KLC3,0.501076715
KLF11,0.609543094
KLF8,1
KLHDC4,0.579844793
KLHDC7A,0.401177972
KLHDC8B,0.512881843
KLHL13,0.063643749
KLHL31,0.232218464
KLHL4,1
KLK15,1
KLRC2,0.691078024
KMT2B,0.626614472
KMT2C,0.776917648
KMT2D,0.913102229
KMT2E,1
KNOP1,0.501076715
KRBOX4,1
KREMEN1,0.531747607
KRT1,0.211693576
KRT10,1
KRT12,1
KRT14,0.536649185
KRT16,1
KRT19,0.316869808
KRT2,0.512881843
KRT25,0.643040907
KRT28,0.551615721
KRT3,0.568897946
KRT33A,1
KRT36,0.519517624
KRT4,0.69891127
KRT40,0.58062461
KRT5,0.513639048
KRT6A,1
KRT6B,0.224821157
KRT6C,1
KRT71,1
KRT73,0.513639048
KRT74,0.23158953
KRT75,1
KRT76,0.58222953
KRT77,1
KRT79,0.424620567
KRT8,0.316948427
KRT80,0.051106585
KRT82,1
KRT83,1
KRT84,0.045584275
KRT9,0.149271628
KRTAP10-11,1
KRTAP10-2,0.531747607
KRTAP10-3,0.3505499
KRTAP10-5,0.217424905
KRTAP10-6,1
KRTAP10-8,1
KRTAP10-9,0.435443964
KRTAP1-1,0.501076715
KRTAP12-2,1
KRTAP19-1,1
KRTAP19-6,1
KRTAP2-3,0.607159256
KRTAP4-11,0.160828691
KRTAP4-3,0.594319243
KRTAP4-4,1
KRTAP4-5,0.026625928
KRTAP4-7,0.38271849
KRTAP4-8,1
KRTAP5-1,1
KRTAP5-10,1
KRTAP5-11,0.658931041
KRTAP5-3,0.000130113
KRTAP5-5,0.545701366
KRTAP5-7,0.189839375
KRTAP5-8,0.264177405
KRTAP5-9,0.58062461
KRTAP9-1,0.347517515
KRTAP9-6,1
KRTAP9-9,1
KTN1,0.496339208
L1CAM,0.097389021
L1TD1,0.141159332
LACE1,1
LACTB,0.501076715
LAD1,0.655279077
LAGE3,1
LAIR1,1
LAMA1,0.412523359
LAMA2,0.225343933
LAMA3,1
LAMA4,0.225636654
LAMA5,1
LAMB1,0.351750499
LAMB2,1
LAMB4,0.723720311
LAMC1,1
LAMC2,0.681234527
LAMP2,0.603818495
LANCL1,1
LANCL3,0.125659505
LARGE,0.513639048
LARP1,0.264177405
LARS,1
LAS1L,1
LATS1,1
LBP,1
LBR,1
LCE1D,1
LCE1E,0.536649185
LCE2B,0.513639048
LCE3B,1
LCE3C,0.675433869
LCE3D,0.536649185
LCE4A,1
LCP1,1
LDB3,0.655279077
LDOC1,1
LEF1,0.513639048
LENG1,1
LEPR,1
LEPRE1,1
LEPREL1,0.512881843
LEPREL4,0.501076715
LETM2,0.073864981
LFNG,0.501076715
LGALS13,0.264177405
LGR6,0.536649185
LHFPL1,0.130235547
LIF,0.545701366
LIFR,0.513639048
LIG3,0.412909863
LILRA1,0.08455365
LILRA2,0.23215306
LILRA3,0.417679541
LILRB1,0.362672409
LILRB2,1
LILRB3,0.391493933
LILRB5,0.455405119
LIMA1,1
LIMCH1,1
LIMS1,1
LIMS2,1
LINGO4,1
LIPC,1
LIPE,0.255141807
LIPM,0.501076715
LLGL1,1
LLGL2,0.636021488
LMAN1L,0.501076715
LMBR1L,0.401177972
LMF1,1
LMNA,0.401177972
LMO7,0.695571335
LMOD3,1
LMTK3,1
LNX1,0.054578569
LONP1,0.513639048
LOXHD1,0.72726193
LPA,0.828820628
LPAR4,1
LPCAT2,1
LPCAT3,0.501076715
LPHN3,0.608388267
LPP,1
LRBA,0.115536933
LRCH2,0.017907989
LRCH3,1
LRGUK,0.713837887
LRIG1,1
LRIT3,0.661443831
LRP1,0.667487128
LRP1B,0.809895434
LRP2,0.232906244
LRP4,0.607159256
LRP5,1
LRP5L,1
LRPAP1,1
LRRC10,1
LRRC16B,0.010674775
LRRC28,0.513639048
LRRC30,0.531747607
LRRC34,1
LRRC36,0.401177972
LRRC37B,0.551615721
LRRC39,0.579078612
LRRC40,1
LRRC4C,0.107439811
LRRC6,0.114663146
LRRC66,1
LRRC7,0.609543094
LRRCC1,0.412909863
LRRFIP1,0.536649185
LRRIQ1,0.513639048
LRRK1,0.280958297
LRRK2,1
LRRN2,0.424620567
LRTOMT,0.077278055
LRWD1,0.051025987
LSG1,0.401177972
LSR,0.130235547
LTBP1,1
LTBP2,0.682278563
LTF,1
LTK,0.189142418
LTV1,0.107439811
LUC7L2,1
LUZP1,0.251615073
LUZP4,0.37086705
LY75,0.237853383
LY75-CD302,0.454312261
LYST,0.432134787
MAATS1,1
MAD1L1,0.061145606
MAG,1
MAGEA1,0.510554298
MAGEA10,1
MAGEA11,0.648894361
MAGEA12,0.678160868
MAGEA3,0.536649185
MAGEA4,1
MAGEA6,0.566535606
MAGEB1,0.501076715
MAGEB10,1
MAGEB16,0.005955016
MAGEB2,0.487445117
MAGEB4,1
MAGEB6,0.368128282
MAGEC1,0.691221994
MAGEC2,0.567746843
MAGEC3,0.057222293
MAGED1,0.169828549
MAGED2,0.292791336
MAGEE1,0.640254235
MAGEE2,0.66411062
MAGEF1,1
MAGEH1,0.13344482
MAGI1,0.645021893
MAGI2,0.351750499
MAGI3,1
MAGIX,0.291177397
MAGT1,0.536649185
MAML1,0.251615073
MAML2,0.611860434
MAML3,1
MAMLD1,1
MAN1B1,1
MAN2A1,0.329714725
MAN2B1,1
MAN2B2,0.742665
MAN2C1,1
MANEA,0.512881843
MANSC1,0.493282376
MAOA,1
MAOB,0.41636862
MAP1A,0.048861587
MAP1B,0.339341388
MAP3K4,0.168718011
MAP3K6,1
MAP3K9,1
MAP4,1
MAP4K2,0.46622974
MAP7,0.710717021
MAP7D2,0.085323
MAPK8IP3,1
MAPKBP1,0.656880892
MAPT,0.513639048
MARC1,1
MARCH10,0.579844793
MARK3,1
MARS,1
MARVELD2,0.377690787
MAS1L,0.642185456
MASP1,0.513639048
MASP2,1
MAST2,0.648894361
MAST4,0.658452088
MATN2,0.412909863
MATN4,0.371385048
MAZ,1
MB21D1,1
MBD5,0.53298577
MBD6,1
MBNL3,0.151149343
MBTPS2,1
MC3R,1
MCAT,1
MCC,0.130235547
MCCC2,1
MCF2,0.711764204
MCF2L,0.493294318
MCF2L2,1
MCM2,0.311146789
MCM3,1
MCM5,0.676313797
MCM6,0.347517515
MCM8,1
MCPH1,0.314340724
MCTP2,1
MCTS1,0.185664977
MDC1,0.090571592
MDM4,0.195967629
MDN1,0.268313608
MECOM,0.531747607
MECP2,0.200526278
MED1,0.513639048
MED12L,1
MED13,0.339790385
MED13L,0.172944332
MED14,0.708307654
MED16,1
MED24,0.495467798
MEFV,1
MEGF11,1
MEGF6,0.08455365
MEGF8,0.217424905
MEIOB,0.225636654
MELK,0.659227619
MEOX2,0.204728928
MEP1A,1
MERTK,1
METTL13,0.513639048
METTL15,1
METTL17,0.130235547
METTL25,0.263420201
METTL2A,1
METTL4,0.501076715
MFHAS1,1
MFI2,0.401177972
MFSD10,0.501076715
MFSD6L,0.343781586
MFSD7,0.401177972
MFSD9,0.59531497
MGA,1
MGAM,1
MGAT5,1
MGAT5B,0.536649185
MGME1,1
MIA2,0.501076715
MIA3,0.090136142
MICAL1,0.531747607
MICAL2,1
MICAL3,0.676167202
MICALCL,0.42167367
MICALL1,1
MICALL2,0.009953634
MICU1,0.675809251
MICU2,0.889668591
MID1,1
MID1IP1,0.791154977
MID2,0.58062461
MINK1,1
MKI67,0.366015245
MKNK1,1
MKS1,1
MLH1,0.387452286
MLH3,1
MLKL,0.401177972
MLLT3,0.311146789
MLLT6,0.228321915
MLPH,0.604810063
MMEL1,0.531747607
MMP1,1
MMP10,0.401177972
MMP17,0.625286354
MMP20,0.162769915
MMP8,1
MMRN1,0.531747607
MN1,0.513639048
MNDA,0.401177972
MOCS2,1
MOG,1
MOGAT3,0.675809251
MOK,1
MORC4,0.442697981
MORN3,0.264177405
MOSPD1,0.130235547
MOSPD2,1
MPDZ,0.801528888
MPHOSPH10,0.063617162
MPND,0.513639048
MPO,0.017384155
MPP1,0.65955995
MPP3,0.011542104
MPP7,1
MPPE1,1
MRE11A,1
MRGPRX1,0.314085223
MROH2B,0.138519622
MROH6,0.364875263
MROH7,1
MROH9,0.608388267
MRPL21,0.513639048
MRPL3,1
MRPS30,1
MRPS31,1
MRPS35,1
MRRF,1
MRVI1,0.125659505
MSH4,1
MSH5,0.32333228
MSH6,1
MSL3,0.797757514
MSLN,1
MSN,0.311146789
MSR1,1
MST1R,0.225145346
MT1H,0.32333228
MTERFD3,0.139589372
MTG1,1
MTG2,0.501076715
MTHFSD,0.607159256
MTMR1,0.492682907
MTMR11,0.627289718
MTMR2,1
MTMR6,0.512881843
MTMR8,1
MTR,0.316869808
MTRR,0.401177972
MTUS1,0.659227619
MTUS2,0.501076715
MUC12,0.205300052
MUC21,0.354083774
MUC5B,0.382181178
MUC6,0.061319091
MUC7,0.609543094
MUTYH,0.551615721
MVB12A,1
MX1,1
MXRA5,0.063391193
MXRA8,1
MYBBP1A,0.509876655
MYBPC1,0.401177972
MYBPC2,0.316869808
MYBPC3,0.513639048
MYBPHL,1
MYCL,0.225636654
MYCN,1
MYEOV,1
MYEOV2,1
MYF6,0.512881843
MYH1,0.244792421
MYH11,1
MYH13,0.362672409
MYH14,1
MYH15,0.733085495
MYH2,0.136041934
MYH3,0.107121926
MYH4,1
MYH6,1
MYH7,0.263420201
MYH7B,1
MYH8,0.683302882
MYH9,0.211467181
MYLIP,0.501076715
MYLK,0.609543094
MYLK2,1
MYLK3,1
MYO10,0.566535606
MYO15A,0.829534661
MYO18A,0.681871219
MYO18B,1
MYO19,1
MYO1A,1
MYO1C,1
MYO1D,0.609543094
MYO1E,0.513639048
MYO1F,0.531747607
MYO1H,0.316948427
MYO3A,0.609543094
MYO3B,0.719259412
MYO5C,0.536649185
MYO6,0.429974448
MYO7A,0.818784119
MYO7B,1
MYO9A,1
MYO9B,1
MYOCD,1
MYOM1,0.031442462
MYOM2,0.587375514
MYOM3,0.149918361
MYPN,0.659238806
MYRIP,0.307583667
MYT1L,0.501076715
MYZAP,1
MZB1,0.501076715
MZT2A,0.607159256
N4BP2L2,0.501076715
NAALAD2,0.545701366
NACA,1
NADK,0.513639048
NAGK,1
NAGPA,0.604810063
NALCN,0.513639048
NAP1L2,0.039841317
NAP1L3,0.139553421
NAP1L5,1
NASP,0.136041934
NAV1,0.512881843
NAV2,0.411785797
NAV3,1
NBAS,0.8176806
NBEA,0.264177405
NBEAL2,0.213478106
NBPF3,0.401177972
NCAPD2,0.676313797
NCAPD3,0.658931041
NCF2,1
NCF4,0.536649185
NCKAP5,1
NCKAP5L,0.501076715
NCL,0.501586608
NCOA3,1
NCOA4,1
NCOA6,0.579844793
NCOR1,1
NCOR2,0.807611331
NDOR1,1
NDST4,1
NDUFA1,0.384888374
NDUFAF6,0.501076715
NEB,0.116517617
NEBL,1
NECAP2,0.545701366
NEDD4,0.566535606
NEFH,0.284012311
NEIL1,0.107439811
NEK1,0.316869808
NELL1,0.0613897
NEO1,0.135594968
NEU4,0.412909863
NEURL4,1
NEXN,1
NF1,0.501076715
NF2,0.501076715
NFASC,0.136041934
NFAT5,1
NFATC1,0.642185456
NFATC4,0.217424905
NFIA,0.135777066
NFRKB,1
NGDN,1
NHLRC3,0.208665543
NHS,0.197218481
NHSL1,0.658931041
NIN,0.414879646
NIPA2,1
NISCH,0.513639048
NKAP,0.125659505
NKRF,1
NKTR,1
NKX2-3,1
NLE1,1
NLGN3,0.085005828
NLRP1,0.712277096
NLRP14,0.669710909
NLRP2,0.013625332
NLRP4,0.070895274
NLRP5,0.264177405
NLRP8,0.536649185
NLRP9,0.217424905
NLRX1,0.545701366
NMBR,0.594319243
NME1-NME2,1
NME2,1
NMUR1,1
NMUR2,1
NOA1,0.512881843
NOB1,0.390454008
NOC4L,1
NOD1,1
NOD2,0.624473847
NOL6,0.566764335
NOM1,0.314085223
NOP14,1
NOP16,1
NOP2,1
NOP9,1
NOS1,0.65955995
NOS2,1
NOS3,0.656880892
NOSTRIN,1
NOTCH1,0.777710654
NOTCH2,0.217424905
NOTCH3,0.401177972
NOTCH4,0.082704232
NOX1,0.288021594
NOXO1,0.349044193
NPAP1,1
NPAT,0.269854395
NPC1L1,1
NPFFR2,1
NPHP3,0.594319243
NPHP4,0.356360849
NPHS1,0.368128282
NPNT,1
NPR3,0.130235547
NPVF,0.021783873
NQO1,0.489958636
NR0B1,1
NR2C1,1
NRAP,0.723720311
NRDE2,0.689057602
NRG1,1
NRG2,0.225145346
NRK,1
NRXN1,0.382965641
NRXN2,1
NSD1,0.513639048
NSDHL,1
NT5C1B,0.635454435
NT5C1B-RDH14,0.635454435
NTN4,1
NTRK3,1
NTSR1,0.195657537
NUBP2,0.594319243
NUDT14,0.175276612
NUDT15,0.512881843
NUDT16L1,0.70157918
NUDT19,1
NUDT8,0.401177972
NUFIP1,0.225636654
NUFIP2,1
NUGGC,0.501076715
NUMA1,1
NUP153,0.690514633
NUP160,0.251615073
NUP188,0.419583417
NUP210,0.53298577
NUP210L,0.264177405
NUP214,0.112091393
NUP62CL,0.612451896
NUP88,1
NUP98,0.604810063
NUTM1,1
NWD1,0.646909777
NXF3,0.741262962
NXF5,0.551615721
NXPE1,0.513639048
NXPE2,0.512881843
NYAP1,0.65925552
NYAP2,1
NYNRIN,0.497528597
OAS3,0.604810063
OBSCN,0.384071237
OBSL1,1
OCA2,0.08455365
OCRL,1
ODF1,1
OFD1,1
OGDH,1
OGDHL,0.579844793
OGFR,0.108342557
OGG1,1
OLFML1,0.501076715
OLFML2A,1
OLFML2B,0.125659505
OMA1,1
OPHN1,1
OPRM1,1
OPTC,0.051106585
OR10C1,0.222117642
OR10K2,1
OR10X1,0.768499475
OR10Z1,1
OR11G2,0.006414496
OR11H4,1
OR11H6,1
OR13H1,0.534146153
OR14A16,1
OR1B1,0.054578569
OR1J2,1
OR1L3,0.59531497
OR2AE1,0.178942031
OR2AK2,1
OR2B11,0.536649185
OR2C1,0.401177972
OR2G3,1
OR2G6,0.689057602
OR2M3,1
OR2M4,0.513639048
OR2S2,0.501076715
OR2T11,1
OR2T4,0.512881843
OR2Y1,0.612451896
OR2Z1,0.107439811
OR3A1,0.023708638
OR4C11,1
OR4C15,0.187952903
OR4D1,0.186771981
OR4K5,1
OR4L1,0.704493708
OR4M1,1
OR4N2,1
OR4P4,0.024864069
OR4S2,0.73767284
OR4X1,0.412909863
OR51A2,0.418086675
OR51A4,1
OR51B4,1
OR51G1,0.536649185
OR51M1,0.513639048
OR51Q1,1
OR51T1,0.401177972
OR51V1,0.412909863
OR52D1,1
OR52E8,1
OR52K2,1
OR52M1,0.604810063
OR52N4,0.412909863
OR52N5,1
OR5AK2,1
OR5AU1,0.195657537
OR5C1,0.513639048
OR5K3,0.437568026
OR5K4,0.531747607
OR5P3,0.501076715
OR5R1,1
OR5T3,1
OR6A2,1
OR6C1,1
OR6C2,0.534236108
OR6C3,1
OR6K2,0.612199634
OR6P1,1
OR6S1,0.512881843
OR6Y1,0.531747607
OR7A17,0.401177972
OR7C1,0.512881843
OR7C2,0.596317254
OR8B8,1
OR8D4,0.379510825
OR8J1,0.752342392
OR8K1,1
OR9A2,0.531747607
OSBP2,1
OSBPL1A,1
OSCP1,0.513639048
OSGIN1,0.579078612
OTC,0.311146789
OTOF,0.063726845
OTOL1,1
OTOP2,0.636021488
OTOP3,1
OTUD5,0.051106585
OVGP1,0.337480186
OXER1,0.280958297
OXNAD1,1
P2RX5,1
P2RX7,1
P2RY10,1
P2RY4,0.158879491
P4HTM,0.401177972
PABPC1,0.135473747
PABPC5,0.054578569
PACSIN2,0.512881843
PADI1,0.625286354
PADI3,0.625286354
PADI4,0.551615721
PAGE1,1
PAGE4,1
PAGE5,0.531747607
PAH,0.512881843
PAICS,0.264177405
PAK2,1
PAK3,1
PALB2,1
PALD1,1
PALLD,0.536649185
PAMR1,1
PAN2,1
PAPLN,0.204745853
PAPPA,0.513639048
PAQR7,0.676172848
PAQR8,0.401177972
PARD3B,1
PARK2,1
PARP11,0.217424905
PARP15,0.655279077
PARP3,0.513639048
PARP4,0.659238806
PARPBP,0.513639048
PASD1,0.338815447
PASK,1
PATL1,0.401177972
PAX7,0.513639048
PAXIP1,0.513639048
PBDC1,0.512881843
PBXIP1,0.251615073
PCCB,1
PCDH1,1
PCDH11X,0.099908691
PCDH11Y,0.710717021
PCDH12,0.691646929
PCDH15,0.426286324
PCDH19,0.157791902
PCDH20,1
PCDHA1,0.05083812
PCDHA10,0.810393733
PCDHA11,1
PCDHA12,0.859845273
PCDHA13,1
PCDHA2,0.636021488
PCDHA4,0.051025987
PCDHA5,0.107439811
PCDHA7,0.205616901
PCDHA8,0.459812288
PCDHA9,0.215732348
PCDHB10,0.513639048
PCDHB13,0.531747607
PCDHB15,1
PCDHB16,0.58062461
PCDHB2,1
PCDHB3,0.513639048
PCDHB4,0.513639048
PCDHB7,1
PCDHGA1,1
PCDHGA10,1
PCDHGA11,0.224821157
PCDHGA5,0.501076715
PCDHGA7,1
PCDHGA8,1
PCDHGB1,1
PCDHGB2,0.225636654
PCDHGB3,1
PCDHGB4,0.753096945
PCDHGB6,1
PCDHGC5,1
PCK1,1
PCK2,0.142810466
PCLO,0.104223096
PCM1,0.396738916
PCNT,0.536547705
PCNX,0.501076715
PCNXL2,0.162769915
PCNXL3,1
PCSK9,1
PDCD11,0.114625401
PDE11A,0.436670404
PDE3A,1
PDE3B,0.545701366
PDE4DIP,0.435363306
PDE5A,0.501076715
PDE6B,0.536649185
PDGFRB,1
PDHA1,1
PDHA2,1
PDIA2,0.460215932
PDILT,0.512881843
PDK3,1
PDLIM5,1
PDLIM7,0.536649185
PDPR,0.501076715
PDXDC1,1
PDZD2,0.523341457
PDZD4,0.448439212
PDZD7,0.684327499
PEAK1,0.107439811
PEAR1,1
PEBP4,0.501076715
PEG3,0.437478725
PELP1,0.356916173
PER1,1
PER3,0.341488655
PET112,0.708307654
PEX19,1
PEX2,0.424620567
PEX7,0.501076715
PFAS,0.659238806
PFKL,1
PGAP1,1
PGAP2,0.512881843
PGM1,1
PGPEP1L,1
PGRMC1,1
PHACTR2,1
PHACTR3,0.571266058
PHC3,0.531747607
PHEX,0.681234527
PHF11,0.512881843
PHF14,0.501076715
PHF20L1,1
PHF3,1
PHF6,1
PHF8,0.538551283
PHKA1,0.124253417
PHKA2,1
PHKB,0.799234305
PHKG1,1
PHLDA1,0.264177405
PHLDB1,0.088687909
PHLDB3,0.513639048
PHLPP1,1
PHLPP2,0.58062461
PHRF1,0.67151889
PHTF2,0.513639048
PHYH,0.090255162
PIAS3,1
PIEZO1,0.479531685
PIGA,1
PIGG,0.225636654
PIGL,0.594319243
PIGO,0.401177972
PIGU,1
PIK3AP1,0.501076715
PIK3C2B,1
PIK3C2G,0.153948595
PIK3R4,0.501076715
PIK3R5,0.513639048
PIKFYVE,1
PIM2,1
PIN4,1
PIR,0.483692671
PITPNM2,0.264177405
PITRM1,0.510682759
PIWIL3,0.369360319
PJA1,0.60534676
PKD1,1
PKD1L1,1
PKD1L2,0.553678713
PKD2L1,0.470318093
PKDREJ,0.264177405
PKHD1,0.008341324
PKHD1L1,0.095032664
PKLR,0.396738916
PKN3,1
PKP1,0.067933157
PKP2,1
PKP4,0.090245213
PLA2G12A,0.513639048
PLA2G3,1
PLA2G4B,0.512881843
PLA2G4D,0.217424905
PLA2G4F,0.501076715
PLA2G7,0.531747607
PLA2R1,1
PLAA,1
PLAC1,1
PLAU,1
PLB1,0.232231295
PLBD1,1
PLCD4,1
PLCE1,0.536649185
PLCG2,0.401177972
PLCH1,0.531747607
PLCH2,0.063846395
PLD1,1
PLD2,0.280958297
PLD3,0.512881843
PLD4,1
PLEC,0.089765394
PLEKHA4,0.401177972
PLEKHA5,1
PLEKHA8,1
PLEKHG1,0.691078024
PLEKHG2,0.423280381
PLEKHG3,1
PLEKHG4,0.293002271
PLEKHG4B,1
PLEKHG5,1
PLEKHG6,0.020555586
PLEKHH1,1
PLEKHH2,0.401177972
PLEKHM3,1
PLEKHO2,1
PLG,0.59531497
PLIN1,1
PLIN3,0.401177972
PLIN4,0.304106213
PLOD2,1
PLOD3,0.224821157
PLP2,0.339790385
PLSCR1,0.070895274
PLTP,0.655279077
PLXNA2,0.612451896
PLXNA3,1
PLXNA4,1
PLXNB1,0.412909863
PLXNB2,1
PLXND1,0.531747607
PMF1,1
PMF1-BGLAP,1
PMFBP1,1
PML,1
PMP22,1
PMS2,0.311146789
PNCK,1
PNISR,0.65925552
PNLIPRP1,1
PNMA3,1
PNMA5,0.200193168
PNMT,0.531747607
PNPLA4,0.596317254
PNPLA7,0.65925552
POC1B-GALNT4,1
PODN,0.697344237
PODXL,1
POF1B,0.65925552
POFUT2,0.401177972
POLD1,0.735931904
POLE,0.536649185
POLE3,0.512881843
POLG,1
POLI,0.051106585
POLK,0.264177405
POLQ,1
POLR1C,0.225636654
POLR3A,1
POM121,1
POM121L2,0.58062461
POMGNT1,1
PON3,0.513639048
POP1,1
POR,1
PORCN,1
POSTN,0.554738183
POTEF,1
POTEH,0.636021488
POU2F1,0.401177972
POU2F2,0.623285256
POU3F4,0.401177972
POU6F2,0.470318093
PPARGC1B,0.609543094
PPEF1,1
PPFIA1,0.513639048
PPFIBP1,0.712277096
PPFIBP2,1
PPIC,0.513639048
PPIE,1
PPIL2,0.513639048
PPIP5K1,0.501076715
PPL,0.699395614
PPM1G,0.778576299
PPM1J,0.551615721
PPP1R10,0.412909863
PPP1R12A,0.53298577
PPP1R12B,0.130235547
PPP1R13L,0.551615721
PPP1R15B,1
PPP1R21,0.531747607
PPP1R32,0.551615721
PPP1R3A,1
PPP1R3C,0.513639048
PPP1R3F,0.161881147
PPP1R9A,0.492682907
PPP2R3A,0.670445347
PPP3R2,1
PPP6R2,0.079871465
PRAF2,0.141342661
PRAMEF2,0.360200813
PRAMEF4,1
PRB1,1
PRB2,0.271470459
PRB4,0.350438491
PRDM15,0.135594968
PRDM16,1
PRDM2,0.325998743
PRDM9,0.513639048
PRDX3,0.513639048
PREPL,1
PREX1,1
PREX2,1
PRG4,0.020012315
PRICKLE3,0.285903214
PRICKLE4,0.401177972
PRKCSH,1
PRKX,1
PROCR,0.513639048
PROKR2,1
PROSER1,0.251615073
PROX2,0.044330871
PRPF38B,0.023091204
PRPF40A,1
PRPH,1
PRR11,1
PRR14,1
PRR14L,1
PRR23B,1
PRR5,0.114663146
PRRC2A,0.035412871
PRRC2B,0.130283129
PRRC2C,0.032868362
PRRG3,0.177155069
PRRT2,1
PRSS12,1
PRSS36,0.501076715
PRTG,1
PRUNE,1
PRX,1
PSG1,0.130235547
PSG4,0.445189917
PSG5,0.130235547
PSG6,0.309357401
PSG8,0.536649185
PSG9,1
PSKH2,1
PSMB11,0.124783308
PSMB9,1
PSMD10,0.710717021
PSME4,0.513639048
PSORS1C2,0.512881843
PTCH1,0.512881843
PTCH2,0.424620567
PTCHD1,0.08455365
PTEN,0.126615274
PTGER2,1
PTGER3,1
PTGIS,1
PTK2B,0.225636654
PTK7,0.608388267
PTPN13,0.797222305
PTPN14,1
PTPN21,1
PTPN22,1
PTPN23,0.341449903
PTPN3,1
PTPRB,1
PTPRD,0.636021488
PTPRF,0.512881843
PTPRG,0.513639048
PTPRH,1
PTPRJ,0.492682907
PTPRN2,0.604810063
PTPRR,1
PTPRS,0.217424905
PTPRT,0.857770015
PTPRU,1
PTPRZ1,0.626614472
PUS7L,0.224821157
PUSL1,0.114663146
PVRIG,1
PVRL2,1
PWP2,0.555013532
PXDNL,0.223601647
PXK,0.264177405
PYGL,0.091841059
PYGM,0.536649185
PYGO1,1
PYHIN1,1
PZP,0.427735447
QRICH2,0.416496983
QRSL1,1
QSER1,1
QSOX2,1
RAB17,1
RAB25,0.437568026
RAB33A,1
RAB3GAP1,0.512881843
RAB40A,0.248476756
RAB40AL,0.533690967
RAB41,0.051025987
RAD17,0.162769915
RAD50,0.53298577
RADIL,0.299342636
RAET1E,0.225636654
RAG2,0.513639048
RAI1,0.19007613
RAI2,0.697086733
RALGAPA2,0.241412907
RALGAPB,1
RAMP1,0.579844793
RANBP2,0.545701366
RANBP3,0.513639048
RANBP6,1
RANGAP1,0.607159256
RAP1GAP,0.512881843
RAP1GDS1,0.401177972
RAPGEF1,0.217424905
RAPGEF4,0.513639048
RAPGEF6,0.224821157
RAPH1,1
RASAL1,1
RASAL2,0.513639048
RASGRP3,1
RASSF6,0.58062461
RASSF7,0.513639048
RASSF8,0.126615274
RB1,0.251615073
RBBP6,0.513639048
RBM10,1
RBM12,0.401177972
RBM20,1
RBM23,1
RBM25,0.377690787
RBM3,0.648894361
RBM41,0.501076715
RBM44,1
RBM47,1
RBMX,0.306564776
RBMX2,1
RBMXL1,1
RBMXL3,0.628988962
RBP3,0.031784841
RBPJL,0.53298577
RC3H2,0.302551429
RCBTB2,0.607159256
RCCD1,1
RDH16,0.501076715
REC8,0.694091283
RECQL,0.513639048
RECQL5,0.501076715
REEP4,0.512881843
REG1B,0.313840423
RELN,0.158959366
RENBP,1
REPS2,1
RERE,0.579844793
REST,0.162769915
RET,0.513639048
RETSAT,1
REV3L,1
REXO1,1
RFWD2,0.401177972
RFX6,0.264177405
RGAG1,0.431677905
RGL3,1
RGL4,0.123901433
RGMB,0.501076715
RGN,1
RGPD4,1
RGS12,0.416023676
RGS22,0.401177972
RGS3,0.495467798
RGSL1,0.401177972
RHBDF1,0.513639048
RHBDF2,0.136041934
RHCE,0.604810063
RHD,0.555056212
RHOBTB2,1
RHPN2,1
RIBC1,1
RIC3,1
RIC8B,1
RICTOR,1
RIF1,0.729062478
RIMBP2,1
RIMS2,0.311146789
RIN3,1
RIOK1,0.162769915
RLIM,0.126676438
RLTPR,0.536649185
RMDN2,0.114663146
RMND1,0.501076715
RNASE3,0.401177972
RNASE4,1
RNASE9,1
RNASEL,1
RNF103,1
RNF123,1
RNF128,0.051620068
RNF135,1
RNF157,1
RNF168,1
RNF17,0.501076715
RNF175,0.009660113
RNF180,0.412909863
RNF20,1
RNF213,1
RNF219,0.513639048
RNF43,0.513639048
RNLS,1
ROBO1,0.536649185
ROBO2,1
ROBO3,0.358778248
ROBO4,0.161881147
ROGDI,1
ROM1,0.513639048
ROR2,0.501076715
RORC,1
RP1,0.232218464
RP1L1,0.2626233
RPA4,1
RPAP3,1
RPGR,0.061685157
RPGRIP1,1
RPGRIP1L,1
RPL14,0.044889505
RPN2,1
RPP21,0.401177972
RPRD2,1
RPS3,1
RPS6KA6,0.347517515
RPS6KC1,1
RPTN,0.512881843
RPUSD4,0.545701366
RRAS,1
RRBP1,0.160391448
RREB1,1
RRH,1
RRP12,0.531747607
RRP9,0.148051516
RRS1,0.551615721
RS1,1
RSAD1,1
RSF1,0.531747607
RSL1D1,0.642185456
RSPH1,0.419583417
RSPH4A,1
RSPH6A,1
RTBDN,1
RTEL1,0.351750499
RTKN2,0.571266058
RTN2,1
RTN4,1
RTTN,0.676172848
RUFY1,1
RUNX2,1
RUSC2,1
RXFP2,1
RYR1,0.573676932
RYR2,0.004821041
RYR3,1
SACS,1
SAGE1,0.618130593
SALL1,1
SALL2,0.228321915
SALL3,0.448439212
SAMD14,1
SAMD15,0.136041934
SAMD3,1
SAMD4A,0.659238806
SAMD9,1
SASH1,1
SASH3,1
SAT1,0.501076715
SATB2,1
SATL1,0.762804349
SBF1,0.696872403
SBF2,1
SBNO2,1
SBSN,1
SCAF1,1
SCAF11,0.642610156
SCAF8,0.309357401
SCAND3,0.054456539
SCARB2,1
SCARF1,0.513639048
SCARF2,0.130235547
SCEL,0.412909863
SCFD2,0.225636654
SCMH1,1
SCML2,0.227504715
SCN10A,0.369975845
SCN11A,0.280958297
SCN1A,0.59531497
SCN2B,1
SCN3A,1
SCN4A,0.264177405
SCNN1A,1
SCNN1B,1
SCNN1D,0.264177405
SCP2,0.401177972
SCRIB,0.316869808
SCTR,0.107439811
SCUBE2,1
SCUBE3,1
SCYL1,1
SDC3,0.501076715
SDCCAG3,0.024280652
SDK1,0.213362901
SDK2,1
SDSL,0.120398119
SEC14L4,1
SEC16A,0.229709181
SEC16B,0.088038838
SEC24B,1
SEC24D,1
SEC31B,0.636021488
SECISBP2,1
SEMA3A,1
SEMA3C,0.051106585
SEMA3D,0.691646929
SEMA4F,1
SEMA4G,0.513639048
SEMA5B,0.264177405
SEMA7A,1
SEMG1,0.067933157
SENP6,1
SEPN1,1
SEPT1,1
SEPT10,1
SEPT14,1
SEPT6,0.612451896
SEPT9,0.69375713
SERHL2,0.531747607
SERPINA10,0.264177405
SERPINA11,0.401177972
SERPINA7,1
SERPINA9,0.401177972
SERPINB10,0.513639048
SERPINB13,0.531747607
SERPINH1,0.401177972
SERPINI2,0.021042551
SERTAD3,0.512881843
SET,0.280958297
SETBP1,0.77269621
SETD1A,0.264177405
SETD1B,0.787495419
SETD4,1
SETD6,0.107439811
SETD7,0.501076715
SETMAR,1
SETX,0.379510825
SEZ6,1
SEZ6L,0.53298577
SEZ6L2,1
SF3A2,1
SF3B2,1
SFI1,0.36098033
SFTPA1,0.222117642
SFTPB,0.33809874
SFXN5,0.412909863
SGK223,0.178418772
SGOL2,1
SGSM3,0.512881843
SH2D4A,0.280958297
SH3BGR,1
SH3BP1,1
SH3BP2,1
SH3D21,1
SH3KBP1,0.16034225
SH3PXD2A,0.430977045
SH3RF2,0.228321915
SH3TC1,0.070895274
SH3TC2,1
SHANK1,0.009132652
SHARPIN,0.401177972
SHF,1
SHISA5,0.642185456
SHMT1,1
SHPRH,0.743732767
SHROOM2,0.300817289
SHROOM3,0.147671286
SHROOM4,0.715673398
SI,0.063661258
SIGLEC1,0.114703402
SIGLEC10,1
SIGLEC12,0.531747607
SIGLEC14,0.658361626
SIGLEC5,0.536649185
SIGLEC6,1
SIMC1,0.401177972
SIPA1,1
SIPA1L2,0.536649185
SIRPB1,0.009483415
SIRPG,1
SIRT3,0.072060019
SIRT4,1
SIX5,1
SKIV2L2,0.401177972
SKOR1,0.251615073
SLA,0.401177972
SLAMF7,0.765688661
SLC10A1,0.579844793
SLC10A2,1
SLC10A3,1
SLC10A5,0.054578569
SLC10A7,1
SLC11A2,1
SLC12A3,0.682278563
SLC12A4,1
SLC12A7,0.513639048
SLC12A9,0.655279077
SLC13A1,1
SLC14A2,1
SLC15A1,1
SLC16A2,0.313840423
SLC16A5,1
SLC17A2,0.513639048
SLC17A8,1
SLC22A1,1
SLC22A10,0.0193199
SLC22A11,1
SLC22A25,0.479109119
SLC22A5,1
SLC22A7,0.050649607
SLC24A1,1
SLC24A4,0.571266058
SLC24A5,0.501076715
SLC25A17,0.501076715
SLC25A24,0.401177972
SLC25A25,0.217424905
SLC25A41,0.217424905
SLC25A43,0.739993566
SLC25A47,1
SLC25A53,1
SLC26A1,0.536649185
SLC26A10,0.31141369
SLC26A11,1
SLC26A4,0.579078612
SLC26A9,0.664909689
SLC27A6,1
SLC28A1,1
SLC28A2,1
SLC29A4,1
SLC2A7,0.65925552
SLC34A3,1
SLC35A1,0.513639048
SLC35A2,0.604810063
SLC37A1,1
SLC37A3,1
SLC38A10,1
SLC38A2,1
SLC38A5,1
SLC39A11,1
SLC39A5,1
SLC3A1,0.713837887
SLC44A4,0.545701366
SLC45A1,0.531747607
SLC45A2,0.435703511
SLC47A1,1
SLC4A8,0.225636654
SLC5A10,0.536649185
SLC5A2,0.608388267
SLC5A9,1
SLC6A13,0.072335954
SLC6A14,0.658361626
SLC6A18,0.41636862
SLC6A5,1
SLC6A7,0.264177405
SLC6A8,1
SLC7A2,0.513639048
SLC7A3,0.798225112
SLC7A4,0.311146789
SLC7A7,0.208665543
SLC8A3,1
SLC9A3R1,0.59531497
SLC9A4,0.501076715
SLC9A6,1
SLC9A7,1
SLC9C1,1
SLCO1B3,1
SLCO1B7,0.313840423
SLFN12L,0.225636654
SLFN13,0.545701366
SLFN5,0.412909863
SLFNL1,1
SLIRP,1
SLIT1,1
SLIT2,0.264177405
SLITRK2,1
SLITRK4,0.722471174
SLK,0.412909863
SLMAP,1
SLTM,0.513639048
SMARCA1,1
SMARCA2,0.513639048
SMARCA4,0.264177405
SMARCAL1,0.536649185
SMC2,1
SMC4,1
SMG7,0.536649185
SMG8,1
SMO,1
SMOC1,1
SMPD1,1
SMR3A,0.531747607
SMTN,1
SNAP91,0.225636654
SNAPC3,0.401177972
SNAPC4,0.501076715
SNAPC5,0.581617483
SNRNP200,1
SNRNP70,0.251615073
SNX17,0.33809874
SNX19,0.512881843
SNX21,1
SNX7,0.401177972
SNX9,1
SOGA2,1
SOHLH1,0.401177972
SON,1
SORBS1,0.670445347
SORBS2,1
SORBS3,0.58062461
SORL1,0.568897946
SOS2,1
SOWAHB,0.058071741
SOX13,0.531747607
SOX30,1
SP100,0.642185456
SPAG17,0.699539923
SPAG5,0.531747607
SPAG8,0.126598652
SPANXD,0.364875263
SPANXN2,1
SPANXN3,0.658931041
SPANXN4,1
SPANXN5,0.225636654
SPARCL1,0.501076715
SPATA18,0.389477405
SPATA2,1
SPATA20,0.579844793
SPATA31D1,0.70465113
SPATA6L,1
SPATC1,0.319533489
SPDL1,1
SPDYE3,0.512881843
SPECC1,1
SPECC1L,0.412909863
SPEF2,0.282106262
SPEG,0.763543132
SPG11,0.362335216
SPHKAP,0.07027304
SPICE1,0.623285256
SPIN3,0.501076715
SPIN4,0.311146789
SPINK5,0.691646929
SPNS3,1
SPPL2C,0.114663146
SPRY4,0.280958297
SPTA1,0.339208081
SPTAN1,0.513639048
SPTB,0.757452656
SPTBN1,0.501076715
SPTBN2,0.051106585
SPTBN4,0.136041934
SPTBN5,0.689517337
SPZ1,1
SRCAP,1
SREBF1,0.107439811
SREBF2,0.251615073
SREK1,0.501076715
SRGAP3,0.513639048
SRP72,0.348029845
SRPK3,0.311146789
SRPR,0.512881843
SRPX,1
SRPX2,1
SRRM1,1
SRRM2,0.358505847
SRRM5,0.416023676
SRRT,0.53298577
SRSF4,1
SRSF6,0.136041934
SRSF7,0.512881843
SS18,1
SSTR1,0.049986099
SSX1,0.113972345
SSX3,1
SSX5,1
ST18,0.067933157
ST6GALNAC2,1
ST6GALNAC5,0.513639048
ST7L,0.566535606
STAB1,1
STAB2,1
STAC2,0.501076715
STAG2,0.709552265
STAM2,0.114663146
STARD13,0.513639048
STARD8,0.847994188
STBD1,0.072668694
STEAP1B,1
STK11,0.501076715
STK11IP,0.079871465
STK31,1
STK36,1
STON2,1
STOX2,0.401177972
STRA6,0.162769915
STRC,1
STRN3,0.513639048
STS,0.155485521
STXBP5L,1
STYK1,0.512881843
SULT1C2,0.545701366
SULT1C4,0.412909863
SUN1,1
SUOX,0.401177972
SUPT6H,0.501076715
SURF1,0.609543094
SUSD1,0.217424905
SUSD2,1
SUV39H1,1
SUV420H1,0.114663146
SV2B,0.501076715
SV2C,0.513639048
SVEP1,0.059453981
SVIL,0.430676626
SYAP1,1
SYBU,1
SYCE1,1
SYCP2L,1
SYDE2,0.251615073
SYN1,1
SYN3,1
SYNC,1
SYNE1,0.829835804
SYNE2,0.704892799
SYNE3,0.604810063
SYNGR1,1
SYNJ1,1
SYNJ2,0.381527002
SYNPO2,0.264177405
SYNPO2L,0.531747607
SYP,0.270819648
SYT15,0.568897946
SYT8,0.513639048
SYTL2,0.689057602
SYTL4,0.511699272
SYTL5,0.356755383
SZT2,1
TAAR5,0.77680841
TAAR6,1
TAB3,0.110963727
TACC2,0.433844986
TACC3,1
TACR2,0.513639048
TAF1,0.126184613
TAF15,0.555013532
TAF1C,0.311146789
TAF1L,1
TAF3,0.251615073
TAF6,0.596317254
TAF7L,1
TAF9B,1
TANC1,1
TANC2,0.416023676
TAP2,1
TAPBP,0.116018721
TAPBPL,1
TARBP1,1
TAS1R1,0.282560125
TAS1R2,0.512881843
TAS1R3,0.551615721
TAS2R39,0.545701366
TAS2R43,1
TAS2R46,0.225636654
TAS2R7,1
TAS2R8,0.401177972
TAS2R9,0.051106585
TBATA,1
TBC1D2,0.682779985
TBC1D25,0.313840423
TBC1D28,0.412909863
TBC1D8,0.536649185
TBC1D8B,0.342372393
TBC1D9B,0.730935508
TBCE,0.434783771
TBCK,0.554738183
TBL3,0.230376534
TBP,0.167879896
TBX22,0.416724053
TBX6,0.691646929
TCEAL1,1
TCEAL2,0.65925552
TCEAL5,0.513639048
TCEAL6,1
TCEANC,1
TCEB3B,1
TCERG1,0.501076715
TCF20,0.314340724
TCF3,1
TCHH,0.246870592
TCHHL1,0.136041934
TCIRG1,0.531747607
TCOF1,0.59846597
TCP11,0.155755936
TCTN3,0.501076715
TDO2,1
TDP2,1
TDRD1,0.513639048
TDRD6,0.217424905
TDRD9,0.116018721
TECPR2,1
TECTA,1
TEKT1,0.531747607
TEKT2,1
TEKT5,1
TENC1,0.303853175
TENM1,0.862735939
TENM3,0.402257605
TENM4,0.815289299
TEP1,0.617881902
TET2,0.708307654
TEX10,0.401177972
TEX11,1
TEX13B,0.108741894
TEX14,0.390233474
TEX15,0.419041468
TEX2,1
TEX35,1
TFAP2A,1
TFDP3,0.682278563
TFE3,0.636021488
TG,0.793863072
TGFB1I1,0.513639048
TGIF1,1
TGM1,1
TGM2,1
TGM4,1
TGM5,1
TGM6,0.607159256
TGM7,0.401177972
TGOLN2,0.137089078
THADA,0.113273319
THAP11,0.130235547
THBS4,1
THEG,1
THEMIS2,1
THOC2,0.656880892
THOP1,0.251615073
THSD7A,1
TIAM1,1
TICAM1,0.531747607
TICRR,0.566535606
TIGD6,0.513639048
TIMD4,1
TIMELESS,1
TIMM10B,0.401177972
TIMM17B,0.33809874
TIMP1,1
TJAP1,1
TJP1,0.401177972
TJP2,1
TJP3,1
TKTL1,0.147269222
TKTL2,1
TLDC1,0.742841846
TLDC2,0.795018375
TLE2,1
TLE6,1
TLL1,1
TLL2,1
TLN1,0.082704232
TLR1,0.510277675
TLR2,0.513639048
TLR3,0.513639048
TLR4,1
TLR5,1
TLR7,0.48963007
TLR8,1
TM4SF18,0.566535606
TM4SF20,1
TM6SF2,1
TMC1,1
TMC3,0.401177972
TMCO4,0.314340724
TMEM106A,1
TMEM110-MUSTN1,1
TMEM125,0.401177972
TMEM132A,0.107439811
TMEM154,1
TMEM161A,0.536649185
TMEM175,0.664909689
TMEM177,1
TMEM180,1
TMEM184A,1
TMEM185B,0.554738183
TMEM186,1
TMEM2,0.531747607
TMEM206,1
TMEM222,0.627289718
TMEM231,1
TMEM242,0.607159256
TMEM247,0.189142418
TMEM255A,1
TMEM255B,0.189853595
TMEM31,1
TMEM41A,0.53298577
TMEM44,0.536649185
TMEM66,0.356360849
TMEM67,0.719460997
TMEM82,1
TMEM8A,1
TMEM8B,1
TMLHE,0.030034589
TMPRSS11F,1
TMPRSS13,0.691646929
TMPRSS3,0.513639048
TMPRSS4,0.513639048
TMPRSS5,1
TMPRSS6,0.512881843
TMPRSS7,1
TMSB15A,1
TMUB2,0.501076715
TNC,0.497024409
TNFRSF10D,0.53298577
TNFRSF13B,0.566535606
TNFRSF13C,1
TNFRSF8,0.412909863
TNFSF18,1
TNIK,1
TNK2,1
TNKS,0.513639048
TNKS1BP1,1
TNMD,0.636021488
TNN,0.186771981
TNR,0.512881843
TNRC6A,0.368128282
TNRC6B,0.225636654
TNRC6C,1
TNS1,1
TNS3,0.75448507
TOM1,1
TOMM20L,1
TOP1MT,0.189954285
TOPAZ1,1
TOPORS,1
TOR1AIP1,1
TOR2A,0.390233474
TOX2,1
TOX3,0.604810063
TOX4,1
TP53,3.69E-09
TP53BP1,0.655279077
TP53BP2,1
TPCN1,1
TPM2,0.554738183
TPO,0.501076715
TPPP2,1
TPR,0.531747607
TPRG1,0.471488604
TPST2,1
TPTE,0.807611331
TRAF3IP2,0.536649185
TRAF4,1
TRAF5,0.282106262
TRAK1,1
TRANK1,0.396738916
TRAP1,1
TRAPPC12,0.566535606
TRAPPC6A,0.513639048
TRAPPC8,0.513639048
TRAPPC9,0.536649185
TRDN,1
TREML4,0.53298577
TRIB3,1
TRIM10,0.316948427
TRIM16,1
TRIM22,1
TRIM25,0.513639048
TRIM31,1
TRIM40,1
TRIM42,1
TRIM46,0.000794286
TRIM48,0.76262934
TRIM52,0.126615274
TRIM58,0.401177972
TRIM6,1
TRIM63,1
TRIM65,0.635454435
TRIM6-TRIM34,1
TRIM7,0.263420201
TRIO,0.676541433
TRIOBP,1
TRIP11,1
TRMT2A,1
TRMT2B,0.085005828
TRO,1
TROAP,0.531747607
TRPC5,1
TRPC6,1
TRPM1,1
TRPM2,0.219615694
TRPM3,0.401177972
TRPM4,0.749625264
TRPM5,0.107439811
TRPM6,0.656880892
TRPM7,1
TRPM8,0.618279485
TRPV4,0.445869329
TRRAP,0.107439811
TSC1,1
TSC2,1
TSC22D1,0.594319243
TSC22D3,0.280958297
TSHR,1
TSHZ1,1
TSHZ2,0.625286354
TSNARE1,0.280958297
TSNAXIP1,0.658931041
TSPAN1,1
TSPAN16,1
TSPAN32,0.501076715
TSPAN6,0.321759605
TSPAN8,0.554738183
TSPEAR,0.253247594
TSPYL2,1
TSR1,0.625286354
TSSK1B,0.424620567
TSSK3,1
TTC12,0.401177972
TTC13,0.224821157
TTC14,1
TTC16,1
TTC21A,1
TTC21B,1
TTC22,0.513639048
TTC28,0.370421927
TTC37,1
TTC40,1
TTC7A,0.01178874
TTF1,0.032260172
TTLL10,1
TTLL12,1
TTLL2,1
TTLL3,0.013509127
TTLL4,0.255141807
TTLL6,0.501076715
TTLL9,0.401177972
TTN,0.353891246
TUBA3C,1
TUBB1,1
TUBGCP5,1
TUBGCP6,1
TULP1,0.608388267
TXLNB,0.501076715
TXNDC11,0.225636654
TXNDC16,0.635454435
TXNDC2,0.024280652
TXNIP,0.401177972
TYK2,1
TYR,1
TYRO3,0.471488604
TYRP1,1
UACA,0.160391448
UBA1,1
UBA7,1
UBAP2,0.189142418
UBE2S,0.079549466
UBE4B,0.594319243
UBQLN1,0.130235547
UBQLN2,0.185024516
UBR4,0.159495046
UBXN11,1
UEVLD,0.512881843
UGGT2,0.709479679
UGT1A3,1
UGT1A8,0.135594968
UGT2A1,1
UGT2A2,1
UGT2B17,0.48453894
UGT2B28,1
UGT3A1,0.501076715
UGT3A2,1
ULK1,1
ULK2,0.513639048
ULK4,1
UMODL1,0.197227283
UNC13B,1
UNC13C,0.37080526
UNC45A,0.162769915
UNC45B,1
UNC5B,0.551615721
UNC5CL,0.656880892
UNC79,0.161881147
UNC80,1
UNKL,0.224821157
UPF3A,0.140963927
UPF3B,0.120321824
UPP1,1
URB1,1
URB2,0.531747607
URI1,1
UROC1,1
UROD,0.513639048
USH2A,0.690135689
USP1,1
USP11,1
USP19,0.46839569
USP20,1
USP24,1
USP26,0.658931041
USP29,0.612451896
USP31,0.501076715
USP35,0.090059925
USP36,1
USP39,1
USP40,1
USP42,0.401177972
USP44,1
USP45,1
USP54,0.114663146
USP6,0.715671291
USP9X,0.568897946
USPL1,1
UTP14A,0.199145779
UTP14C,0.264177405
UTP20,1
UTP6,1
UTRN,0.527666807
UTY,1
UVRAG,1
UVSSA,0.58062461
UXT,0.536649185
VARS2,0.424620567
VAX2,0.513639048
VCAN,1
VCL,0.280958297
VEZF1,1
VGLL1,0.536649185
VILL,1
VIPR2,1
VIT,1
VLDLR,1
VNN2,0.513639048
VPS13A,0.65955995
VPS13B,0.884285895
VPS13C,0.092933469
VPS13D,0.562478462
VPS16,1
VPS37C,1
VPS41,0.222117642
VPS53,0.531747607
VPS8,1
VRK1,0.401177972
VSIG1,1
VSIG10,0.512881843
VSIG10L,0.642185456
VSIG4,0.33508153
VTN,1
VWA2,1
VWA3A,1
VWA3B,1
VWA7,0.438630321
VWA8,0.283285032
VWDE,0.812214312
VWF,0.482357483
WAPAL,1
WAS,0.528737344
WASL,1
WBP11,0.401177972
WDFY4,1
WDHD1,1
WDR17,0.544712516
WDR27,0.742928134
WDR33,0.228321915
WDR34,1
WDR36,1
WDR41,0.316869808
WDR44,1
WDR45,1
WDR46,1
WDR47,0.513639048
WDR52,0.777710654
WDR6,1
WDR62,1
WDR63,0.531747607
WDR65,1
WDR66,0.314085223
WDR7,0.551615721
WDR77,1
WDR78,1
WDR81,1
WDR87,0.524923366
WDR90,1
WDR96,1
WFDC8,0.513639048
WFIKKN2,0.107439811
WFS1,0.080397419
WIPF3,0.513639048
WNK1,1
WNT10A,1
WNT8A,0.501076715
WNT9B,0.251615073
WRN,1
WRNIP1,1
WSCD1,0.401177972
WWC1,0.412909863
WWC2,1
WWC3,0.408707708
WWOX,0.25417922
XAB2,0.116018721
XAGE5,1
XDH,0.690303476
XG,1
XIRP1,0.805656718
XIRP2,1
XK,0.543568431
XKR7,0.594319243
XKR9,0.513639048
XKRX,1
XPNPEP2,0.123143017
XRCC1,0.513639048
XRCC3,0.264177405
XXYLT1,0.536649185
XYLB,0.513639048
YEATS2,1
YY2,1
ZBBX,0.251615073
ZBED6CL,0.536649185
ZBP1,0.130235547
ZBTB33,1
ZBTB38,0.107439811
ZBTB39,0.130235547
ZBTB40,1
ZBTB47,0.257340508
ZC2HC1C,1
ZC3H11A,1
ZC3H12B,0.58062461
ZC3H13,1
ZC3H18,0.339790385
ZC3H3,1
ZC3H4,1
ZC3H7B,0.513639048
ZC3HAV1L,1
ZC4H2,1
ZCCHC12,1
ZCCHC13,1
ZCCHC14,0.264177405
ZCCHC16,1
ZCCHC4,0.536649185
ZCCHC5,1
ZCCHC6,0.513639048
ZCWPW1,0.655279077
ZDBF2,0.101528781
ZDHHC18,1
ZDHHC4,1
ZEB1,0.566535606
ZFAND1,1
ZFAT,0.551615721
ZFC3H1,0.332981205
ZFHX3,0.801759491
ZFHX4,0.617491056
ZFP112,0.607159256
ZFP2,1
ZFP69,0.531747607
ZFP82,1
ZFPM1,1
ZFX,0.810399299
ZFYVE19,0.401177972
ZFYVE26,1
ZFYVE27,0.135594968
ZHX1,0.225636654
ZIC3,0.635276928
ZIC5,0.501076715
ZIM3,0.501076715
ZKSCAN2,1
ZKSCAN7,0.710717021
ZKSCAN8,0.264177405
ZMAT1,1
ZMYM3,0.187952903
ZMYND10,1
ZMYND15,1
ZNF100,0.185600878
ZNF106,1
ZNF107,0.05214227
ZNF117,0.225636654
ZNF12,0.65039227
ZNF124,1
ZNF133,0.011437687
ZNF142,0.05049453
ZNF155,1
ZNF157,0.402866494
ZNF165,0.513639048
ZNF17,0.513639048
ZNF175,1
ZNF177,0.536649185
ZNF181,0.609543094
ZNF182,0.437761242
ZNF195,1
ZNF197,1
ZNF20,1
ZNF205,0.401177972
ZNF208,1
ZNF217,0.72136579
ZNF221,0.264177405
ZNF223,0.612451896
ZNF225,0.513639048
ZNF226,1
ZNF227,0.411682104
ZNF229,0.655279077
ZNF230,0.531747607
ZNF232,0.501076715
ZNF233,0.26962136
ZNF236,0.023509657
ZNF248,0.225636654
ZNF254,0.316948427
ZNF257,1
ZNF263,1
ZNF266,1
ZNF268,0.482633001
ZNF273,0.512745634
ZNF28,0.531747607
ZNF280C,0.566535606
ZNF284,0.311146789
ZNF292,0.728050036
ZNF30,0.483940497
ZNF317,1
ZNF318,0.735948381
ZNF324B,1
ZNF329,0.512881843
ZNF330,0.401177972
ZNF335,0.175276612
ZNF337,0.116018721
ZNF33A,0.401177972
ZNF347,1
ZNF354A,0.126615274
ZNF394,1
ZNF407,0.061077486
ZNF41,0.467829719
ZNF418,0.051106585
ZNF419,0.536649185
ZNF420,0.501076715
ZNF423,1
ZNF429,0.636021488
ZNF43,1
ZNF430,0.251615073
ZNF432,1
ZNF433,1
ZNF438,1
ZNF439,0.211693576
ZNF44,0.55040947
ZNF441,1
ZNF442,0.048332783
ZNF445,0.225636654
ZNF449,1
ZNF461,1
ZNF462,1
ZNF467,0.513639048
ZNF470,0.401177972
ZNF471,0.513639048
ZNF473,1
ZNF480,1
ZNF486,0.741262962
ZNF488,0.513639048
ZNF491,0.551615721
ZNF493,0.58062461
ZNF506,0.401177972
ZNF510,0.562035863
ZNF517,0.280958297
ZNF519,1
ZNF528,0.531747607
ZNF529,0.264177405
ZNF530,1
ZNF532,1
ZNF534,0.887632752
ZNF540,0.531747607
ZNF541,0.401177972
ZNF543,0.401177972
ZNF544,1
ZNF548,0.501076715
ZNF550,0.161881147
ZNF559,1
ZNF561,0.513639048
ZNF562,0.513639048
ZNF568,0.607159256
ZNF57,0.412909863
ZNF571,1
ZNF573,1
ZNF574,0.513639048
ZNF577,0.225636654
ZNF582,0.208665543
ZNF583,1
ZNF592,1
ZNF594,0.435969144
ZNF596,1
ZNF599,1
ZNF606,1
ZNF608,1
ZNF609,1
ZNF610,0.313840423
ZNF611,0.058071741
ZNF615,0.217424905
ZNF619,0.194900346
ZNF620,0.579078612
ZNF623,0.53298577
ZNF626,1
ZNF630,1
ZNF638,1
ZNF641,1
ZNF645,0.555013532
ZNF646,0.630317697
ZNF655,1
ZNF662,1
ZNF665,1
ZNF668,0.501076715
ZNF669,0.228321915
ZNF674,0.576589718
ZNF676,1
ZNF677,0.189142418
ZNF679,1
ZNF681,1
ZNF684,0.531747607
ZNF687,0.107439811
ZNF689,1
ZNF700,0.299342636
ZNF701,1
ZNF708,1
ZNF71,0.658361626
ZNF714,0.579844793
ZNF716,0.137409598
ZNF721,0.659989776
ZNF726,0.53298577
ZNF727,1
ZNF728,1
ZNF729,1.34E-09
ZNF730,1
ZNF732,0.847272835
ZNF737,0.607159256
ZNF746,1
ZNF75D,0.780977071
ZNF764,0.416023676
ZNF765,1
ZNF766,0.129570265
ZNF773,0.401177972
ZNF774,1
ZNF776,1
ZNF777,0.000696176
ZNF778,0.368128282
ZNF780A,0.513639048
ZNF780B,0.307583667
ZNF786,1
ZNF790,0.143786963
ZNF799,0.536649185
ZNF80,1
ZNF804A,0.661443831
ZNF804B,1
ZNF81,0.027701534
ZNF812,0.705953193
ZNF813,0.339790385
ZNF814,1
ZNF816,1
ZNF829,1
ZNF831,0.224821157
ZNF839,1
ZNF841,0.135473747
ZNF845,0.501076715
ZNF846,1
ZNF860,0.568897946
ZNF878,1
ZNF91,0.379510825
ZNF93,0.424364125
ZNF98,1
ZNF99,0.25417922
ZP4,0.513639048
ZRSR2,0.386076308
ZSCAN1,0.339796436
ZSCAN2,0.299342636
ZSCAN23,0.501076715
ZSCAN25,1
ZSCAN31,1
ZSCAN5B,0.162769915
ZSWIM2,1
ZSWIM5,1
ZSWIM6,1
ZSWIM8,1
ZXDA,1
ZXDB,1
ZYX,0.107439811
ZZEF1,0.189142418
