snp,sample,eGene,ref_allele,ref_count,alt_allele,alt_count,eQTL_beta,eQTL_pvalue
rs11676272,SRR957103,*ADCY3,A,3,G,8,0.342268881,1.93E-08
rs9950,SRR957100,*ADI1,A,7,G,6,0.41878514,8.65E-20
rs9950,SRR957101,*ADI1,A,10,G,17,0.41878514,8.65E-20
rs9950,SRR957103,*ADI1,A,4,G,21,0.41878514,8.65E-20
kgp6788256,SRR957110,*ADI1,A,36,G,42,0.261203383,1.15E-06
rs4560,SRR957104,*AIMP2,C,5,T,7,0.169990638,1.42E-07
rs4560,SRR957111,*AIMP2,C,10,T,2,0.169990638,1.42E-07
kgp18886062,SRR957109,*ANO6,C,15,T,15,0.199887528,7.88E-09
kgp18886062,SRR957110,*ANO6,C,12,T,16,0.199887528,7.88E-09
kgp18886062,SRR957111,*ANO6,C,2,T,10,0.199887528,7.88E-09
kgp11508957,SRR957108,*ANXA5,G,1,A,12,2.000891535,3.43E-19
kgp11508957,SRR957110,*ANXA5,G,5,A,13,2.000891535,3.43E-19
rs904763,SRR957103,*AP1G1,G,2,T,46,0.808517557,1.68E-11
rs1049379,SRR957099,*AP2B1,G,10,C,30,0.197426604,2.47E-08
rs1049379,SRR957103,*AP2B1,G,4,C,9,0.197426604,2.47E-08
rs9649,SRR957104,*AP2B1,C,7,T,13,-0.245422463,9.36E-07
rs1049379,SRR957108,*AP2B1,G,13,C,14,0.197426604,2.47E-08
rs1049379,SRR957109,*AP2B1,G,11,C,10,0.197426604,2.47E-08
kgp12226566,SRR957099,*APLF,T,7,A,7,-0.089273663,1.44E-05
kgp12226566,SRR957101,*APLF,T,4,A,9,-0.089273663,1.44E-05
kgp6869929,SRR957099,*ARHGDIB,C,70,G,42,-0.089311014,2.61E-07
kgp6869929,SRR957100,*ARHGDIB,C,70,G,69,-0.089311014,2.61E-07
kgp6869929,SRR957104,*ARHGDIB,C,64,G,46,-0.089311014,2.61E-07
kgp6869929,SRR957108,*ARHGDIB,C,66,G,46,-0.089311014,2.61E-07
kgp6869929,SRR957110,*ARHGDIB,C,46,G,21,-0.089311014,2.61E-07
kgp6869929,SRR957111,*ARHGDIB,C,54,G,17,-0.089311014,2.61E-07
kgp3102207,SRR957100,*ATF6,C,9,T,5,0.359861511,7.18E-16
rs2271013,SRR957109,*ATF6,T,13,C,3,0.391197283,1.54E-10
kgp148453,SRR957110,*ATF6,G,3,A,16,0.359861511,7.18E-16
rs6497991,SRR957099,*ATF7IP2,T,15,G,1,-0.487505957,8.94E-26
rs6497991,SRR957104,*ATF7IP2,T,20,G,0,-0.487505957,8.94E-26
kgp11730686,SRR957099,*ATP2A3,A,13,G,50,0.114806743,2.14E-05
kgp11730686,SRR957100,*ATP2A3,A,4,G,8,0.114806743,2.14E-05
kgp11730686,SRR957102,*ATP2A3,A,8,G,14,0.114806743,2.14E-05
kgp11730686,SRR957103,*ATP2A3,A,47,G,74,0.114806743,2.14E-05
kgp8936771,SRR957103,*ATP6V1F,C,6,T,9,0.285308922,9.97E-10
kgp8936771,SRR957110,*ATP6V1F,C,0,T,26,0.285308922,9.97E-10
kgp87570,SRR957100,*BARD1,C,10,T,21,0.146615409,2.84E-07
kgp87570,SRR957102,*BARD1,C,11,T,36,0.146615409,2.84E-07
kgp87570,SRR957104,*BARD1,C,23,T,21,0.146615409,2.84E-07
kgp87570,SRR957109,*BARD1,C,10,T,19,0.146615409,2.84E-07
kgp481691,SRR957099,*BTN3A2,T,14,C,8,-0.44713285,7.78E-12
rs9358936,SRR957101,*BTN3A2,A,29,G,6,-1.024671836,7.27E-20
rs66823108,SRR957102,*BTN3A2,G,28,A,2,-0.90867812,2.61E-19
rs9358936,SRR957104,*BTN3A2,A,41,G,2,-1.024671836,7.27E-20
kgp481691,SRR957109,*BTN3A2,T,14,C,2,-0.44713285,7.78E-12
rs2074019,SRR957109,*C11orf21,A,2,G,11,0.315695699,1.91E-08
rs2074019,SRR957110,*C11orf21,A,7,G,4,0.315695699,1.91E-08
rs2304176,SRR957100,*C19orf33,T,8,C,5,-0.790288355,7.35E-20
rs2304176,SRR957101,*C19orf33,T,3,C,12,-0.790288355,7.35E-20
rs2304176,SRR957103,*C19orf33,T,5,C,6,-0.790288355,7.35E-20
kgp3878320,SRR957099,*C7orf49,G,13,A,10,-0.251485285,2.97E-10
kgp3878320,SRR957101,*C7orf49,G,15,A,8,-0.251485285,2.97E-10
kgp3878320,SRR957102,*C7orf49,G,15,A,9,-0.251485285,2.97E-10
rs17593496,SRR957100,*C9orf89,C,56,T,101,0.266512642,4.05E-06
rs17593496,SRR957101,*C9orf89,C,40,T,95,0.266512642,4.05E-06
kgp7622379,SRR957109,*C9orf89,G,21,C,12,-0.301409947,2.85E-06
rs4740047,SRR957099,*CA13,G,3,A,10,0.392657238,8.03E-17
rs4740047,SRR957100,*CA13,G,21,A,31,0.392657238,8.03E-17
rs4740047,SRR957101,*CA13,G,17,A,11,0.392657238,8.03E-17
rs4740047,SRR957102,*CA13,G,36,A,19,0.392657238,8.03E-17
rs4740047,SRR957104,*CA13,G,15,A,16,0.392657238,8.03E-17
rs4740047,SRR957110,*CA13,G,11,A,12,0.392657238,8.03E-17
kgp10627280,SRR957101,*CAPZA2,C,29,T,13,-0.218721993,1.48E-18
rs4808,SRR957109,*CAPZA2,C,73,T,35,-0.162280075,1.06E-11
kgp10627280,SRR957110,*CAPZA2,C,24,T,19,-0.218721993,1.48E-18
rs4808,SRR957111,*CAPZA2,C,23,T,23,-0.162280075,1.06E-11
kgp3455195,SRR957103,*CD164,C,21,A,4,-0.507390714,5.44E-17
kgp3455195,SRR957110,*CD164,C,12,A,3,-0.507390714,5.44E-17
rs763361,SRR957100,*CD226,T,97,C,207,0.084701,1.34E-08
kgp1098442,SRR957101,*CD226,C,26,A,11,-0.084725403,3.26E-09
rs763361,SRR957102,*CD226,T,81,C,190,0.084701,1.34E-08
kgp1098442,SRR957103,*CD226,C,27,A,23,-0.084725403,3.26E-09
kgp1098442,SRR957104,*CD226,C,44,A,16,-0.084725403,3.26E-09
kgp1098442,SRR957109,*CD226,C,23,A,15,-0.084725403,3.26E-09
kgp1098442,SRR957110,*CD226,C,45,A,20,-0.084725403,3.26E-09
rs763361,SRR957111,*CD226,T,89,C,146,0.084701,1.34E-08
rs1049654,SRR957099,*CD36,A,40,C,18,-0.298460111,3.90E-07
rs1049654,SRR957100,*CD36,A,3,C,18,-0.298460111,3.90E-07
rs1049654,SRR957101,*CD36,A,11,C,10,-0.298460111,3.90E-07
rs1049654,SRR957102,*CD36,A,27,C,25,-0.298460111,3.90E-07
rs1049654,SRR957104,*CD36,A,13,C,24,-0.298460111,3.90E-07
rs1049654,SRR957108,*CD36,A,21,C,28,-0.298460111,3.90E-07
rs1049654,SRR957109,*CD36,A,18,C,0,-0.298460111,3.90E-07
kgp5710684,SRR957101,*CDK2AP1,G,14,T,16,0.331591867,4.67E-15
kgp5710684,SRR957109,*CDK2AP1,G,18,T,18,0.331591867,4.67E-15
rs2295510,SRR957103,*CDS2,C,11,T,8,-0.238722044,3.45E-10
rs1051436,SRR957101,*CGGBP1,T,8,C,5,0.190061535,2.51E-09
kgp256805,SRR957100,*CLEC1B,A,166,G,0,-0.257199771,1.06E-16
kgp256805,SRR957104,*CLEC1B,A,93,G,91,-0.257199771,1.06E-16
kgp256805,SRR957110,*CLEC1B,A,53,G,47,-0.257199771,1.06E-16
rs1469122,SRR957100,*CMC2,C,10,T,15,0.204693361,1.39E-05
rs1469122,SRR957103,*CMC2,C,5,T,6,0.204693361,1.39E-05
kgp2309120,SRR957100,*CST3,T,93,G,77,0.182495303,1.56E-07
kgp2309120,SRR957101,*CST3,T,33,G,47,0.182495303,1.56E-07
kgp2309120,SRR957102,*CST3,T,44,G,37,0.182495303,1.56E-07
kgp2309120,SRR957103,*CST3,T,52,G,102,0.182495303,1.56E-07
kgp2309120,SRR957104,*CST3,T,25,G,42,0.182495303,1.56E-07
kgp2309120,SRR957108,*CST3,T,39,G,55,0.182495303,1.56E-07
kgp2309120,SRR957109,*CST3,T,20,G,37,0.182495303,1.56E-07
rs1048673,SRR957101,*CTNS,C,8,T,9,-0.311033777,6.33E-08
rs425535,SRR957099,*CXCL5,T,339,C,89,-0.421510592,2.20E-13
rs425535,SRR957100,*CXCL5,T,178,C,85,-0.421510592,2.20E-13
rs425535,SRR957103,*CXCL5,T,266,C,99,-0.421510592,2.20E-13
rs425535,SRR957108,*CXCL5,T,188,C,48,-0.421510592,2.20E-13
rs425535,SRR957110,*CXCL5,T,219,C,84,-0.421510592,2.20E-13
rs425535,SRR957111,*CXCL5,T,158,C,8,-0.421510592,2.20E-13
kgp6035375,SRR957099,*DAZAP2,G,110,C,99,0.087652555,8.88E-06
kgp11142759,SRR957101,*DAZAP2,C,14,T,2,0.152136827,1.71E-12
kgp11142759,SRR957102,*DAZAP2,C,5,T,13,0.152136827,1.71E-12
kgp6035375,SRR957109,*DAZAP2,G,82,C,117,0.087652555,8.88E-06
kgp6035375,SRR957110,*DAZAP2,G,93,C,148,0.087652555,8.88E-06
kgp6035375,SRR957111,*DAZAP2,G,88,C,79,0.087652555,8.88E-06
rs3733969,SRR957099,*DCP2,A,9,G,2,-0.120975167,3.68E-05
kgp11225428,SRR957108,*DNM1L,C,7,G,9,0.426279962,3.35E-22
rs1186716,SRR957100,*DPY19L1,C,12,G,1,-0.234529226,5.48E-05
rs1186716,SRR957103,*DPY19L1,C,30,G,12,-0.234529226,5.48E-05
rs1186716,SRR957109,*DPY19L1,C,10,G,6,-0.234529226,5.48E-05
rs1186716,SRR957110,*DPY19L1,C,12,G,9,-0.234529226,5.48E-05
kgp8629513,SRR957099,*ELOVL7,G,40,C,21,-0.152543589,6.78E-14
kgp8629513,SRR957109,*ELOVL7,G,21,C,18,-0.152543589,6.78E-14
kgp8414154,SRR957099,*EMR1,C,3,T,17,0.754601135,5.35E-21
rs897738,SRR957104,*EMR1,G,2,A,20,0.754601135,5.35E-21
kgp7166699,SRR957109,*EMR1,C,3,G,14,0.776690202,1.65E-17
kgp10097198,SRR957099,*ENDOD1,T,34,G,31,-0.120247758,5.92E-05
rs533669,SRR957101,*ENDOD1,G,14,T,1,-0.162073114,2.74E-06
rs533669,SRR957102,*ENDOD1,G,11,T,2,-0.162073114,2.74E-06
kgp10097198,SRR957103,*ENDOD1,T,36,G,20,-0.120247758,5.92E-05
rs533669,SRR957108,*ENDOD1,G,13,T,5,-0.162073114,2.74E-06
rs533669,SRR957109,*ENDOD1,G,19,T,6,-0.162073114,2.74E-06
rs607666,SRR957110,*ENDOD1,A,17,G,19,-0.162073114,2.74E-06
rs533669,SRR957111,*ENDOD1,G,8,T,3,-0.162073114,2.74E-06
rs2307047,SRR957099,*ENKUR,G,18,A,13,0.163016458,6.43E-07
rs2307047,SRR957102,*ENKUR,G,10,A,15,0.163016458,6.43E-07
rs2307047,SRR957110,*ENKUR,G,8,A,21,0.163016458,6.43E-07
rs2307047,SRR957111,*ENKUR,G,9,A,13,0.163016458,6.43E-07
kgp6447078,SRR957101,*EPB41,C,15,T,1,-0.308281381,2.40E-12
kgp6447078,SRR957110,*EPB41,C,18,T,2,-0.308281381,2.40E-12
kgp1855260,SRR957099,*F11R,G,17,A,21,0.154216005,1.31E-07
kgp1855260,SRR957109,*F11R,G,20,A,18,0.154216005,1.31E-07
kgp1855260,SRR957110,*F11R,G,16,A,22,0.154216005,1.31E-07
kgp1855260,SRR957111,*F11R,G,11,A,10,0.154216005,1.31E-07
kgp22756732,SRR957099,*FAM46C,C,24,T,43,0.142579994,7.67E-05
kgp22756732,SRR957101,*FAM46C,C,59,T,41,0.142579994,7.67E-05
rs2282456,SRR957103,*FAM46C,G,10,A,4,0.144817048,5.93E-05
kgp22756732,SRR957108,*FAM46C,C,16,T,36,0.142579994,7.67E-05
rs12724533,SRR957104,*FHL3,C,0,G,20,-1.105712789,1.11E-09
rs3783711,SRR957100,*FUT8,A,14,G,6,-0.424528297,5.15E-10
rs3783711,SRR957103,*FUT8,A,12,G,8,-0.424528297,5.15E-10
rs3783711,SRR957108,*FUT8,A,9,G,3,-0.424528297,5.15E-10
rs1046294,SRR957100,*FXYD5,T,17,C,6,-0.29545599,1.96E-19
rs12110,SRR957101,*FXYD5,G,93,A,61,-0.226940997,2.04E-05
rs1046294,SRR957103,*FXYD5,T,37,C,27,-0.29545599,1.96E-19
rs1046294,SRR957109,*FXYD5,T,14,C,14,-0.29545599,1.96E-19
rs1046294,SRR957110,*FXYD5,T,33,C,22,-0.29545599,1.96E-19
rs1065691,SRR957099,*GAPDH,T,140,C,209,-0.136675388,4.72E-07
rs1065691,SRR957101,*GAPDH,T,73,C,122,-0.136675388,4.72E-07
rs1065691,SRR957102,*GAPDH,T,91,C,183,-0.136675388,4.72E-07
rs1065691,SRR957109,*GAPDH,T,47,C,208,-0.136675388,4.72E-07
rs34667451,SRR957101,*GATAD2A,C,17,T,21,0.138261312,9.36E-06
rs34667451,SRR957104,*GATAD2A,C,13,T,18,0.138261312,9.36E-06
kgp5945441,SRR957110,*GATAD2A,G,11,A,10,0.110929984,5.68E-07
kgp3106165,SRR957099,*GGTA1P,C,40,T,11,-0.452833217,8.13E-06
kgp3106165,SRR957101,*GGTA1P,C,19,T,10,-0.452833217,8.13E-06
kgp3106165,SRR957102,*GGTA1P,C,10,T,13,-0.452833217,8.13E-06
kgp3106165,SRR957104,*GGTA1P,C,5,T,9,-0.452833217,8.13E-06
kgp11235201,SRR957101,*GLUL,T,44,C,60,0.172484411,4.82E-07
kgp11235201,SRR957102,*GLUL,T,13,C,38,0.172484411,4.82E-07
kgp11235201,SRR957103,*GLUL,T,34,C,57,0.172484411,4.82E-07
kgp11235201,SRR957108,*GLUL,T,18,C,21,0.172484411,4.82E-07
kgp11235201,SRR957109,*GLUL,T,29,C,33,0.172484411,4.82E-07
kgp11235201,SRR957110,*GLUL,T,36,C,17,0.172484411,4.82E-07
kgp9833038,SRR957110,*GNB5,G,7,C,9,0.134536038,2.02E-06
kgp7789028,SRR957100,*HIST1H2BD,T,20,C,33,-0.509020621,7.85E-18
kgp7789028,SRR957101,*HIST1H2BD,T,32,C,12,-0.509020621,7.85E-18
kgp7789028,SRR957102,*HIST1H2BD,T,22,C,5,-0.509020621,7.85E-18
kgp7789028,SRR957108,*HIST1H2BD,T,11,C,8,-0.509020621,7.85E-18
kgp7789028,SRR957111,*HIST1H2BD,T,10,C,8,-0.509020621,7.85E-18
rs3167757,SRR957102,*HMGN1,C,13,T,8,0.169155262,9.02E-06
kgp16509203,SRR957100,*HSDL1,G,8,A,3,-0.539867275,2.71E-05
kgp5637211,SRR957099,*HTATSF1P2,C,8,A,5,0.627669307,9.81E-20
kgp4970138,SRR957101,*ITGB3,A,208,C,201,-0.101704527,8.45E-07
kgp4970138,SRR957103,*ITGB3,A,669,C,444,-0.101704527,8.45E-07
kgp4970138,SRR957108,*ITGB3,A,374,C,219,-0.101704527,8.45E-07
kgp4970138,SRR957110,*ITGB3,A,576,C,372,-0.101704527,8.45E-07
kgp4970138,SRR957111,*ITGB3,A,92,C,56,-0.101704527,8.45E-07
rs7560,SRR957099,*JKAMP,T,6,G,5,-0.143112472,3.65E-06
rs16857887,SRR957100,*KLHL24,C,9,T,4,0.351058224,3.16E-10
rs1041944,SRR957100,*LGALS8,C,11,T,13,0.219670819,7.69E-12
rs1042275,SRR957101,*LGALS8,T,1,C,12,0.239020661,1.29E-13
rs2472126,SRR957103,*LGALS8,G,20,A,22,0.227439029,7.04E-13
kgp133373,SRR957104,*LGALS8,C,10,T,7,0.231223921,7.87E-13
rs1042275,SRR957108,*LGALS8,T,6,C,5,0.239020661,1.29E-13
kgp5491428,SRR957109,*LGALS8,G,4,C,11,0.205234162,1.27E-08
rs2472126,SRR957111,*LGALS8,G,14,A,9,0.227439029,7.04E-13
rs227368,SRR957100,*MANBA,C,12,T,0,0.12335172,3.14E-05
rs227368,SRR957108,*MANBA,C,3,T,25,0.12335172,3.14E-05
rs227368,SRR957109,*MANBA,C,7,T,11,0.12335172,3.14E-05
rs242538,SRR957101,*MAPRE1,C,16,T,20,-0.233940905,1.45E-09
rs242538,SRR957109,*MAPRE1,C,8,T,6,-0.233940905,1.45E-09
kgp10367933,SRR957100,*MARCH2,A,15,G,9,-0.191726635,2.15E-08
kgp10367933,SRR957101,*MARCH2,A,68,G,43,-0.191726635,2.15E-08
kgp10367933,SRR957103,*MARCH2,A,82,G,63,-0.191726635,2.15E-08
kgp10367933,SRR957111,*MARCH2,A,36,G,10,-0.191726635,2.15E-08
kgp3743467,SRR957101,*MFN2,A,45,G,0,-1.408584717,2.66E-19
kgp3743467,SRR957109,*MFN2,A,20,G,1,-1.408584717,2.66E-19
kgp3743467,SRR957110,*MFN2,A,23,G,44,-1.408584717,2.66E-19
rs2853006,SRR957111,*MPZL3,T,0,C,15,0.44303876,1.20E-07
rs17710008,SRR957111,*MYCT1,G,5,A,14,-0.185320893,1.60E-07
kgp9079616,SRR957103,*NME4,G,20,A,18,0.191411365,1.67E-05
rs1061435,SRR957102,*NPRL3,C,2,A,10,-0.268095894,9.83E-09
kgp4872744,SRR957099,*NRD1,T,5,G,6,0.098267256,1.59E-07
kgp470517,SRR957101,*NTAN1,T,7,G,8,0.253716408,2.42E-07
kgp470517,SRR957102,*NTAN1,T,6,G,7,0.253716408,2.42E-07
kgp470517,SRR957103,*NTAN1,T,10,G,2,0.253716408,2.42E-07
kgp470517,SRR957108,*NTAN1,T,5,G,8,0.253716408,2.42E-07
kgp470517,SRR957110,*NTAN1,T,14,G,7,0.253716408,2.42E-07
kgp8663914,SRR957099,*ORAI1,T,10,C,6,0.148789895,1.87E-06
kgp8663914,SRR957108,*ORAI1,T,8,C,7,0.148789895,1.87E-06
kgp8663914,SRR957110,*ORAI1,T,10,C,1,0.148789895,1.87E-06
kgp8663914,SRR957111,*ORAI1,T,9,C,9,0.148789895,1.87E-06
rs1138800,SRR957101,*PANX1,A,6,C,6,0.178014428,6.77E-07
rs1138800,SRR957104,*PANX1,A,6,C,12,0.178014428,6.77E-07
rs2960062,SRR957103,*PCTP,C,30,T,16,-1.136386532,1.43E-18
rs2960062,SRR957109,*PCTP,C,12,T,4,-1.136386532,1.43E-18
kgp5141893,SRR957100,*PDK1,T,40,C,13,-0.652091223,1.55E-07
kgp1887056,SRR957099,*PICALM,C,18,T,8,-0.128380847,7.36E-08
kgp1887056,SRR957111,*PICALM,C,13,T,3,-0.128380847,7.36E-08
kgp1058009,SRR957100,*PIGN,G,7,C,8,-0.229064291,3.11E-09
kgp5742456,SRR957104,*PIGN,A,10,G,3,-0.192746874,7.31E-05
rs1783147,SRR957099,*PKHD1L1,C,7,G,9,-0.164385345,1.21E-10
rs1783147,SRR957108,*PKHD1L1,C,5,G,6,-0.164385345,1.21E-10
kgp1893419,SRR957110,*PKHD1L1,A,10,G,4,-0.121441585,8.54E-06
rs1049562,SRR957100,*PNP,C,11,T,20,0.794703156,1.94E-13
rs1049562,SRR957101,*PNP,C,17,T,19,0.794703156,1.94E-13
rs1049562,SRR957103,*PNP,C,12,T,19,0.794703156,1.94E-13
rs1049562,SRR957110,*PNP,C,16,T,10,0.794703156,1.94E-13
rs1049562,SRR957111,*PNP,C,4,T,17,0.794703156,1.94E-13
rs3218791,SRR957103,*POLE2,G,7,T,8,-0.127462019,6.03E-05
rs3218791,SRR957111,*POLE2,G,5,T,9,-0.127462019,6.03E-05
rs6843,SRR957102,*POLR2E,T,12,C,9,-0.306029905,1.22E-10
rs6843,SRR957104,*POLR2E,T,11,C,6,-0.306029905,1.22E-10
rs6843,SRR957109,*POLR2E,T,17,C,7,-0.306029905,1.22E-10
rs6843,SRR957110,*POLR2E,T,17,C,12,-0.306029905,1.22E-10
kgp7328904,SRR957101,*PSAP,C,5,T,9,0.19579776,3.29E-05
kgp7328904,SRR957103,*PSAP,C,8,T,5,0.19579776,3.29E-05
rs10306135,SRR957103,*PTGS1,A,13,T,2,-0.103981645,2.86E-05
rs2298260,SRR957099,*PTPLAD2,T,49,C,2,-0.233441123,4.16E-06
rs55992749,SRR957102,*PTPLAD2,G,10,A,6,0.275799809,5.23E-06
rs2298260,SRR957103,*PTPLAD2,T,15,C,6,-0.233441123,4.16E-06
rs2298260,SRR957109,*PTPLAD2,T,25,C,0,-0.233441123,4.16E-06
kgp9677852,SRR957100,*PYGB,T,16,C,24,0.211901169,4.48E-07
kgp9677852,SRR957102,*PYGB,T,28,C,21,0.211901169,4.48E-07
rs2227891,SRR957108,*PYGB,G,4,A,7,0.352271914,6.61E-07
kgp7744105,SRR957109,*PYGB,A,4,G,10,0.248723543,6.19E-10
kgp1575470,SRR957111,*PYGB,C,16,T,6,-0.326712775,2.89E-08
rs10409364,SRR957100,*RAB8A,C,26,T,7,-0.141407785,6.20E-06
rs10409364,SRR957101,*RAB8A,C,16,T,3,-0.141407785,6.20E-06
rs10409364,SRR957102,*RAB8A,C,10,T,4,-0.141407785,6.20E-06
rs10409364,SRR957109,*RAB8A,C,18,T,7,-0.141407785,6.20E-06
rs153556,SRR957101,*REEP5,T,6,C,6,0.175460196,4.72E-05
rs1697,SRR957104,*RPN1,C,6,T,5,-0.186211001,1.99E-05
rs10854232,SRR957101,*RPN2,C,2,T,10,0.563444612,3.45E-16
rs10854232,SRR957110,*RPN2,C,7,T,6,0.563444612,3.45E-16
kgp10599,SRR957103,*RSU1,C,342,G,416,0.254910236,1.26E-06
kgp10599,SRR957104,*RSU1,C,107,G,599,0.254910236,1.26E-06
kgp10599,SRR957108,*RSU1,C,77,G,391,0.254910236,1.26E-06
kgp10599,SRR957109,*RSU1,C,415,G,415,0.254910236,1.26E-06
kgp10599,SRR957111,*RSU1,C,61,G,344,0.254910236,1.26E-06
GA023025,SRR957099,*RUFY1,G,179,A,746,0.273259122,2.02E-10
GA023025,SRR957100,*RUFY1,G,452,A,645,0.273259122,2.02E-10
GA023025,SRR957101,*RUFY1,G,180,A,587,0.273259122,2.02E-10
rs4701135,SRR957102,*RUFY1,T,245,C,37,-0.38663866,1.50E-05
GA023025,SRR957103,*RUFY1,G,465,A,538,0.273259122,2.02E-10
GA023025,SRR957104,*RUFY1,G,574,A,620,0.273259122,2.02E-10
GA023025,SRR957109,*RUFY1,G,477,A,463,0.273259122,2.02E-10
kgp10595893,SRR957110,*RUFY1,T,22,A,31,0.185994863,4.59E-05
rs229150,SRR957099,*SCFD1,A,5,G,6,-0.11965465,7.89E-05
rs229150,SRR957110,*SCFD1,A,5,G,8,-0.11965465,7.89E-05
kgp9558266,SRR957102,*SDC4,A,3,G,12,-0.277561473,4.10E-07
rs1041949,SRR957100,*SDHA,C,13,G,5,-0.343416129,7.63E-12
rs6555055,SRR957103,*SDHA,A,15,C,1,-0.37107151,1.59E-13
rs1041949,SRR957109,*SDHA,C,9,G,2,-0.343416129,7.63E-12
rs1139424,SRR957111,*SDHA,A,16,G,5,-0.350997717,9.30E-10
kgp4335576,SRR957104,*SESTD1,T,5,C,12,-0.230668672,2.21E-07
kgp4335576,SRR957110,*SESTD1,T,19,C,1,-0.230668672,2.21E-07
kgp11823662,SRR957099,*SIRT5,A,30,C,3,-0.26973027,7.56E-21
kgp11823662,SRR957100,*SIRT5,A,10,C,11,-0.26973027,7.56E-21
kgp11823662,SRR957101,*SIRT5,A,12,C,2,-0.26973027,7.56E-21
kgp11823662,SRR957102,*SIRT5,A,12,C,9,-0.26973027,7.56E-21
kgp11823662,SRR957103,*SIRT5,A,11,C,7,-0.26973027,7.56E-21
kgp11823662,SRR957104,*SIRT5,A,27,C,14,-0.26973027,7.56E-21
kgp11823662,SRR957108,*SIRT5,A,11,C,4,-0.26973027,7.56E-21
rs1569767,SRR957099,*SLC24A3,G,21,A,6,-0.318756884,1.89E-10
rs1569767,SRR957102,*SLC24A3,G,17,A,2,-0.318756884,1.89E-10
rs705,SRR957099,*SNRPN,T,38,C,0,0.163941303,4.99E-08
rs705,SRR957102,*SNRPN,T,29,C,0,0.163941303,4.99E-08
rs705,SRR957109,*SNRPN,T,46,C,0,0.163941303,4.99E-08
rs705,SRR957111,*SNRPN,T,0,C,33,0.163941303,4.99E-08
GA030823,SRR957103,*SYNM,G,8,C,3,-0.300503493,2.61E-06
kgp1678503,SRR957101,*TJP2,C,8,A,8,0.244458085,1.73E-08
kgp1678503,SRR957111,*TJP2,C,7,A,5,0.244458085,1.73E-08
rs5744174,SRR957102,*TLR5,A,23,G,4,-0.260680645,1.33E-10
rs5744174,SRR957103,*TLR5,A,47,G,10,-0.260680645,1.33E-10
rs5744174,SRR957108,*TLR5,A,33,G,10,-0.260680645,1.33E-10
rs5744174,SRR957111,*TLR5,A,22,G,9,-0.260680645,1.33E-10
rs12602,SRR957101,*TMEM91,T,11,C,11,-0.321426279,8.88E-07
kgp1147544,SRR957101,*TNFSF4,T,6,C,9,-0.2569341,1.28E-11
kgp1147544,SRR957102,*TNFSF4,T,8,C,14,-0.2569341,1.28E-11
kgp1147544,SRR957108,*TNFSF4,T,11,C,14,-0.2569341,1.28E-11
rs4629,SRR957099,*TNNC2,C,34,A,17,-0.201770461,9.41E-07
rs4629,SRR957104,*TNNC2,C,54,A,27,-0.201770461,9.41E-07
rs4629,SRR957109,*TNNC2,C,35,A,13,-0.201770461,9.41E-07
rs4629,SRR957111,*TNNC2,C,17,A,10,-0.201770461,9.41E-07
rs1045781,SRR957100,*TPGS2,C,10,T,2,-0.204564459,6.16E-06
rs1045781,SRR957101,*TPGS2,C,15,T,5,-0.204564459,6.16E-06
rs1045781,SRR957102,*TPGS2,C,12,T,9,-0.204564459,6.16E-06
rs3795966,SRR957103,*TRAK2,A,8,G,14,0.220897269,2.58E-06
rs3795966,SRR957110,*TRAK2,A,8,G,7,0.220897269,2.58E-06
rs268566,SRR957100,*TRAM1,G,12,C,0,0.133615364,1.95E-08
rs268566,SRR957109,*TRAM1,G,13,C,7,0.133615364,1.95E-08
rs268566,SRR957111,*TRAM1,G,3,C,10,0.133615364,1.95E-08
rs1968872,SRR957103,*TREML3P,G,7,A,9,0.673355944,2.90E-06
rs1968872,SRR957111,*TREML3P,G,13,A,5,0.673355944,2.90E-06
rs7658300,SRR957099,*TXK,C,16,T,9,-0.188681244,6.47E-05
rs7658300,SRR957102,*TXK,C,11,T,9,-0.188681244,6.47E-05
rs7658300,SRR957104,*TXK,C,17,T,7,-0.188681244,6.47E-05
rs7658300,SRR957108,*TXK,C,6,T,5,-0.188681244,6.47E-05
kgp9104045,SRR957099,*UBA52,G,23,T,18,-0.119630373,4.24E-07
kgp9104045,SRR957102,*UBA52,G,20,T,14,-0.119630373,4.24E-07
kgp9104045,SRR957103,*UBA52,G,30,T,18,-0.119630373,4.24E-07
kgp9104045,SRR957104,*UBA52,G,17,T,11,-0.119630373,4.24E-07
kgp9104045,SRR957110,*UBA52,G,16,T,15,-0.119630373,4.24E-07
kgp281687,SRR957100,*UCP2,G,7,A,7,0.383921027,3.33E-06
kgp281687,SRR957103,*UCP2,G,6,A,34,0.383921027,3.33E-06
kgp281687,SRR957109,*UCP2,G,0,A,21,0.383921027,3.33E-06
rs8697,SRR957102,*UQCR11,A,23,G,37,0.191438505,4.68E-09
kgp5548545,SRR957099,*VAMP8,T,10,C,9,-0.58979696,4.28E-28
kgp5548545,SRR957101,*VAMP8,T,24,C,13,-0.58979696,4.28E-28
kgp5548545,SRR957102,*VAMP8,T,30,C,17,-0.58979696,4.28E-28
kgp5548545,SRR957103,*VAMP8,T,20,C,7,-0.58979696,4.28E-28
kgp5548545,SRR957104,*VAMP8,T,18,C,7,-0.58979696,4.28E-28
kgp5548545,SRR957108,*VAMP8,T,10,C,12,-0.58979696,4.28E-28
rs883541,SRR957101,*WIPI1,G,10,A,5,0.227702247,1.39E-12
kgp2980154,SRR957099,*WRB,A,23,G,6,-0.76938729,1.09E-33
kgp2980154,SRR957101,*WRB,A,14,G,2,-0.76938729,1.09E-33
kgp2980154,SRR957103,*WRB,A,26,G,16,-0.76938729,1.09E-33
kgp2980154,SRR957104,*WRB,A,5,G,7,-0.76938729,1.09E-33
kgp2980154,SRR957108,*WRB,A,19,G,8,-0.76938729,1.09E-33
kgp2980154,SRR957109,*WRB,A,11,G,5,-0.76938729,1.09E-33
kgp2980154,SRR957110,*WRB,A,27,G,8,-0.76938729,1.09E-33
kgp9947279,SRR957100,*ZFAND2A,T,9,C,5,0.574739504,4.09E-26
kgp9947279,SRR957102,*ZFAND2A,T,6,C,9,0.574739504,4.09E-26
kgp9947279,SRR957104,*ZFAND2A,T,10,C,15,0.574739504,4.09E-26
rs2295146,SRR957109,*ZFYVE21,C,9,T,2,-0.162546249,5.74E-05
kgp6644787,SRR957100,*ZNF385D,G,8,C,10,-0.348987508,2.37E-06
kgp6644787,SRR957101,*ZNF385D,G,13,C,11,-0.348987508,2.37E-06
kgp6644787,SRR957102,*ZNF385D,G,17,C,15,-0.348987508,2.37E-06
